Timestamp,pH,Temperature,GasFlowRate,CH4_Percent,FeedingRate,Anomaly
2025-04-19 00:00:00,7.224835707650562,37.699677718293,4.7974465175076855,58.18438488424522,200,0
2025-04-19 00:10:00,7.193086784941441,37.462316841456385,4.956644398785345,60.279229978440995,200,0
2025-04-19 00:20:00,7.232384426905035,37.029815184960086,4.762274023700011,61.17278893315671,200,0
2025-04-19 00:30:00,7.276151492820402,36.67653161114721,4.907611541108288,65.77537531468037,200,0
2025-04-19 00:40:00,7.188292331263833,37.3491116568068,4.431915599913864,63.11310624906751,200,0
2025-04-19 00:50:00,7.188293152152541,37.19674269271088,5.063988112211882,59.32903686180022,200,0
2025-04-19 01:00:00,7.27896064077537,37.44759661001387,5.0003616426086674,62.972072578835274,200,0
2025-04-19 01:10:00,7.238371736457646,37.31758590084098,4.754873410679543,58.905392022123266,200,0
2025-04-19 01:20:00,7.176526280703253,37.52477635765967,5.197773700529721,64.16538210777415,200,0
2025-04-19 01:30:00,7.227128002179298,36.73238239421972,5.281271041287967,61.057750696364245,200,0
2025-04-19 01:40:00,7.176829115359377,37.658697032817166,4.517732040689308,61.812727622521656,200,0
2025-04-19 01:50:00,7.176713512321487,37.0987998023462,4.771182566430136,64.65159329508438,200,0
2025-04-19 02:00:00,7.2120981135783016,38.03763043631263,4.76925729506381,59.4256728628315,200,0
2025-04-19 02:10:00,7.104335987767111,36.65540609095522,4.718029069667341,59.20576362977402,200,0
2025-04-19 02:20:00,7.113754108374349,37.867981901582624,5.248842452579525,60.83280134730799,200,0
2025-04-19 02:30:00,7.171885623537952,37.09895539173132,4.9418521583681585,64.07675770203863,200,0
2025-04-19 02:40:00,7.149358443983279,36.674290998192774,4.920645547606817,58.961307849046314,200,0
2025-04-19 02:50:00,7.215712366629764,36.75805708297284,4.398841290677974,56.335688803778865,200,0
2025-04-19 03:00:00,7.154598796223939,36.83982634590284,5.1906254090627675,61.097682283182,200,0
2025-04-19 03:10:00,7.1293848149332355,37.21208297320096,4.6282224815439585,63.10348159982184,200,0
2025-04-19 03:20:00,7.273282438446078,37.26141774401775,5.017979789079899,64.40052349947766,200,0
2025-04-19 03:30:00,7.1887111849756735,36.71314999803071,5.083213081387457,61.073677275829205,200,0
2025-04-19 03:40:00,7.203376410234396,30.697394507579034,5.4081975787515955,61.177146785767995,200,0
2025-04-19 03:50:00,7.128762590689328,38.071135179305934,4.607353880264267,64.3078014685115,200,0
2025-04-19 04:00:00,7.172780863773741,37.86377158505036,4.094146353253753,58.26051660060916,200,0
2025-04-19 04:10:00,7.2055461294854934,37.21816183483702,5.055154863426108,61.22295844963398,200,0
2025-04-19 04:20:00,7.1424503211288854,37.0190017390841,5.540153354453256,62.380847779850114,200,0
2025-04-19 04:30:00,7.218784900917284,37.06001566335913,5.371683905881831,62.89843744257007,200,0
2025-04-19 04:40:00,7.16996806550406,37.30675898636521,5.062897824582388,60.980386613618236,200,0
2025-04-19 04:50:00,7.185415312510337,36.4886037174008,4.852509144310385,62.06888202341168,200,0
2025-04-19 05:00:00,7.169914669388531,36.87131173128833,5.242136778991193,57.02334529317402,200,0
2025-04-19 05:10:00,7.292613909225447,36.16570796306121,4.707936140088659,60.683503175332305,200,0
2025-04-19 05:20:00,7.199325138763103,37.19961156130264,5.142907330806866,62.90701742510893,200,0
2025-04-19 05:30:00,7.147114453552205,37.32359796985137,5.151641047749988,60.03541193149064,200,0
2025-04-19 05:40:00,7.24112724560516,36.758406768850314,5.318062972249664,62.117968443179194,200,0
2025-04-19 05:50:00,7.138957817501449,37.78699338164502,5.827898011673323,62.893745001605396,200,0
2025-04-19 06:00:00,7.2104431797502375,36.38711716849883,5.1177247901536305,61.31490159828447,200,0
2025-04-19 06:10:00,7.102016493806011,36.26781255989509,4.8473109122877505,62.34092754199314,200,0
2025-04-19 06:20:00,7.1335906975550785,37.112225909279985,4.992327706342402,60.07453486943078,200,0
2025-04-19 06:30:00,7.209843061793457,37.52354915130608,4.469277228533264,61.586777440607904,200,0
2025-04-19 06:40:00,7.2369233289997705,37.841963845728934,4.791586060673283,63.220432339178444,200,0
2025-04-19 06:50:00,7.208568414059498,36.77055786856553,4.877215268566069,62.31394592193687,200,0
2025-04-19 07:00:00,7.194217585880589,37.539340416715646,4.8427734806196225,60.82693746087213,200,0
2025-04-19 07:10:00,7.184944815220535,36.980745765249644,5.045706461610116,62.448432808581586,200,0
2025-04-19 07:20:00,7.126073900481629,36.91368635002959,4.75327402028534,63.42921958127324,200,0
2025-04-19 07:30:00,7.164007789580265,37.441829968743335,5.336309200197341,57.900117442845044,200,0
2025-04-19 07:40:00,7.176968061452011,37.32616143920671,5.0000621194754595,64.31814812991179,200,0
2025-04-19 07:50:00,7.252856111310946,36.21180392150787,4.997209903658415,61.32749052263786,200,0
2025-04-19 08:00:00,7.217180914478424,37.73827017486295,4.9016315850461245,62.85097986648046,200,0
2025-04-19 08:10:00,7.111847992231864,37.690045677073726,5.0465572051576935,64.39449384729046,200,0
2025-04-19 08:20:00,7.21620419846974,36.68721864924524,5.24752947940029,59.25665260553907,200,0
2025-04-19 08:30:00,7.180745885979184,37.19790176671871,4.73986093528673,60.58111799514491,200,0
2025-04-19 08:40:00,7.166153899984702,37.24701509314137,4.802565053277423,61.42290260824859,200,0
2025-04-19 08:50:00,7.230583814442044,37.130336882911955,4.908882191367001,60.432492957751144,200,0
2025-04-19 09:00:00,7.251549976124798,36.72484742307729,4.596238722958035,65.46987315167361,200,0
2025-04-19 09:10:00,7.24656400595581,36.66418831603097,4.75422264208355,60.28645581234642,200,0
2025-04-19 09:20:00,7.1580391238388685,36.98722296450428,4.857133737936603,60.888906441026265,200,0
2025-04-19 09:30:00,7.18453938120744,37.58636450962968,5.262316754213818,62.40877806320595,200,0
2025-04-19 09:40:00,7.216563171570178,37.271800077297215,5.078768398700578,59.595700947847824,200,0
2025-04-19 09:50:00,7.248777256356118,36.81469283395695,5.058076973410263,61.20863857648747,200,0
2025-04-19 10:00:00,7.176041288107736,37.385849355324176,5.255269388650392,62.63490652250035,200,0
2025-04-19 10:10:00,7.19071705116681,35.575728689684965,4.958788463480181,61.33427919123498,200,0
2025-04-19 10:20:00,7.144683251299699,37.574382850186055,5.117139454978667,61.813226282200105,200,0
2025-04-19 10:30:00,7.1401896687959665,36.13014311061095,4.969033474120251,60.941335775103255,200,0
2025-04-19 10:40:00,7.24062629111971,36.81877952929843,5.079608704819888,58.97105938163847,200,0
2025-04-19 10:50:00,7.267812001428541,36.44016505268693,4.825172402716525,62.643186422678475,200,0
2025-04-19 11:00:00,7.196399493920984,36.35265926213955,4.268354852517072,65.50986614329449,200,0
2025-04-19 11:10:00,7.2501766448946015,37.58041339368926,4.959716251344108,62.036803261566874,200,0
2025-04-19 11:20:00,7.2180818012523815,36.76614939934405,5.426824440829982,62.450528234495096,200,0
2025-04-19 11:30:00,7.167744012269744,37.173251940865356,5.277864620672478,63.385445510233716,200,0
2025-04-19 11:40:00,7.218069780275421,36.97653971056041,5.289619245377351,59.4613390069066,200,0
2025-04-19 11:50:00,7.2769018283232985,37.23852041361156,5.3708392165418655,65.40502931625922,200,0
2025-04-19 12:00:00,7.198208698044502,37.038410945530124,5.026597277288431,62.4046575928456,200,0
2025-04-19 12:10:00,7.278232182790701,36.35850388790571,5.059194712221679,65.26371379817822,200,0
2025-04-19 12:20:00,7.069012744795513,37.49813340972357,4.8147044313696945,60.53393400895202,200,0
2025-04-19 12:30:00,7.241095125218761,36.75312170841934,4.905178143191885,65.63612384511565,200,0
2025-04-19 12:40:00,7.204352353411909,36.22170905067012,5.184731344931342,63.55031098806957,200,0
2025-04-19 12:50:00,7.185049632476707,36.78594241951704,5.361165331150644,63.10608017170472,200,0
2025-04-19 13:00:00,7.204588038826775,37.75037989531715,4.958166117295701,62.468048908706294,200,0
2025-04-19 13:10:00,7.100621554269956,37.425110871056745,4.864943220544577,61.5029427638511,200,0
2025-04-19 13:20:00,7.1890164056081245,36.82567393279607,5.000158387656979,64.40106331694774,200,0
2025-04-19 13:30:00,7.217855628575587,36.825371147840784,5.180362024678734,62.280719739696096,200,0
2025-04-19 13:40:00,7.273894702237076,36.83918247439131,4.566843555159937,58.06586059282569,200,0
2025-04-19 13:50:00,7.174086489086318,38.03837399178042,4.311145714058829,59.76562707658599,200,0
2025-04-19 14:00:00,7.159575319855341,37.19096772611578,4.834838945152525,61.628308495614505,200,0
2025-04-19 14:10:00,7.174912147820773,37.21502082359554,4.633786272225753,62.61999796633111,200,0
2025-04-19 14:20:00,7.245770105885104,37.51514172701592,4.847557940705807,61.88682302220021,200,0
2025-04-19 14:30:00,7.216437555482984,37.119394579513255,4.955665904354759,64.43794157958733,200,0
2025-04-19 14:40:00,7.173511989811648,36.87047892708965,4.8640254772930955,58.09779627192275,200,0
2025-04-19 14:50:00,7.225663371655668,36.90182507545751,5.435740260341223,62.28717587301032,200,0
2025-04-19 15:00:00,7.204853877467402,36.96419937029297,5.098023429380696,58.36404154922569,200,0
2025-04-19 15:10:00,7.248432249526645,36.981388881745076,5.090142307883249,63.519424590968335,200,0
2025-04-19 15:20:00,7.164897345306133,37.36381477181849,5.18666214321302,61.811082571115996,200,0
2025-04-19 15:30:00,7.183616892670112,37.02597294290365,4.658350064665769,62.83921994404824,200,0
2025-04-19 15:40:00,7.180394592343393,37.36632003860779,5.311733536226081,60.27223407882047,200,0
2025-04-19 15:50:00,7.126824252593394,36.95964170994571,4.977270714039362,64.5589298633155,200,0
2025-04-19 16:00:00,7.214806013853229,37.039317595158046,5.201144185172364,64.08344932811771,200,0
2025-04-19 16:10:00,7.213052763608995,36.000899657733946,4.6784428300879535,63.167088606023775,200,0
2025-04-19 16:20:00,7.200255672832124,37.45816383735124,4.533872370195181,61.74096550627312,200,0
2025-04-19 16:30:00,7.188270643331243,37.173244237949,5.245366897407509,63.15971457059027,200,0
2025-04-19 16:40:00,7.129231462897479,37.499005054929825,5.112922857829255,60.5862148640253,200,0
2025-04-19 16:50:00,7.178967733861732,35.55187231090316,4.7293845336927465,63.711111318041425,200,0
2025-04-19 17:00:00,7.182864274173662,38.04418735239037,4.739101075617592,65.29896178864784,200,0
2025-04-19 17:10:00,7.159886136538919,36.93020518592241,5.337630435324431,64.14122111995837,200,0
2025-04-19 17:20:00,7.1919357144167,37.554091408368755,4.643176432139802,60.54079506038518,200,0
2025-04-19 17:30:00,7.2202025428407275,36.480047036437234,5.492801885976789,62.7228346345462,200,0
2025-04-19 17:40:00,7.294309295060526,37.306386952531284,4.72981377960564,59.413716912482705,200,0
2025-04-19 17:50:00,7.208728890641592,36.47329221841317,5.191517577682515,63.14478062235135,200,0
2025-04-19 18:00:00,7.212877519536138,36.6881155196521,4.901414457275305,62.901206825725076,200,0
2025-04-19 18:10:00,7.196277704211692,37.957015676933395,5.180956229324703,58.26036732093567,200,0
2025-04-19 18:20:00,7.104061439235048,36.904658799618325,4.836765799365742,59.67643231217527,200,0
2025-04-19 18:30:00,7.198674306227539,37.10871643658986,4.951162128178312,61.43372220651246,200,0
2025-04-19 18:40:00,7.203011510497052,37.43503386534438,5.0122757526187165,61.39828050571835,200,0
2025-04-19 18:50:00,7.323162105624265,37.247840943986304,4.699343763265558,59.58104612916239,200,0
2025-04-19 19:00:00,7.190381951760944,37.07520945257179,5.2222473036260375,62.777957458704364,200,0
2025-04-19 19:10:00,7.215077367116681,37.182480501233115,4.846035930058524,62.50294721788102,200,0
2025-04-19 19:20:00,7.198264411514738,38.20170779261914,4.931420025397994,61.61146173604296,200,0
2025-04-19 19:30:00,7.141566098119023,36.97119060148321,4.701695187617446,60.488416999683274,200,0
2025-04-19 19:40:00,7.257141140725751,37.100549523357486,4.231299902361407,64.09741425283313,200,0
2025-04-19 19:50:00,7.237596651634339,37.52532719800381,4.942691671219949,65.31081422617659,200,0
2025-04-19 20:00:00,7.239551597352152,37.552762966478994,5.723784626483875,61.03287703230693,200,0
2025-04-19 20:10:00,7.154530627260264,37.59351515278019,5.235381286369407,60.77566616569036,200,0
2025-04-19 20:20:00,7.270139715546805,37.31936511101459,4.994221886079681,62.98241533082399,200,0
2025-04-19 20:30:00,7.129907446860386,36.428497543634755,4.921132751237519,61.283941240506024,200,0
2025-04-19 20:40:00,7.229342854690014,37.81671576615055,5.006739767843614,61.721205598673535,200,0
2025-04-19 20:50:00,7.309522781290499,36.426827303490654,5.164135734552563,63.47930630344934,200,0
2025-04-19 21:00:00,7.150473183743466,37.15131773261952,4.645756155407346,58.18128782498542,200,0
2025-04-19 21:10:00,7.171685113519861,36.62286207499032,5.334296508400661,64.63660464970533,200,0
2025-04-19 21:20:00,7.204982568254382,36.9679308267035,5.214614394632373,62.145361048658685,200,0
2025-04-19 21:30:00,7.17482621729419,37.16438120515174,5.215455717712381,61.17701371087564,200,0
2025-04-19 21:40:00,7.122466828446694,37.16067860772514,5.131542721642918,61.821531691557105,200,0
2025-04-19 21:50:00,7.203428148740302,37.210960377117644,5.005884997308197,61.924858710041036,200,0
2025-04-19 22:00:00,7.146884814313695,37.80685563452932,5.201858370790046,58.53759739311015,200,0
2025-04-19 22:10:00,7.223679621531759,37.22676715075699,5.177544240122414,64.98987645490647,200,0
2025-04-19 22:20:00,7.15402878828831,36.877921682354675,4.893787786717692,62.082651264541234,200,0
2025-04-19 22:30:00,7.277496720250877,37.48204358414418,4.82791946813093,62.88600426089475,200,0
2025-04-19 22:40:00,7.160837335383189,37.59473524446232,5.030556888578596,63.90309954114809,200,0
2025-04-19 22:50:00,7.183896924189717,36.386196092431504,5.4647060454485565,59.9576750848794,200,0
2025-04-19 23:00:00,7.240675860868484,37.29870003492493,4.62826787730383,62.94694379807046,200,0
2025-04-19 23:10:00,7.138456784178302,37.35058637115545,4.559742420274268,61.464717818202416,200,0
2025-04-19 23:20:00,7.211372996730207,36.85121824832,5.049428252370955,63.69354155043299,200,0
2025-04-19 23:30:00,7.265357137714122,37.68785340665581,5.015266310556806,57.74554515929701,200,0
2025-04-19 23:40:00,7.119625838271939,36.92497220648374,5.052002499311122,61.80181139951746,200,0
2025-04-19 23:50:00,7.209231692926616,37.06278822673577,5.07318595937255,60.79435868843208,200,0
2025-04-20 00:00:00,7.212994139712421,36.91346408785807,4.933039323609559,62.86452590126831,200,0
2025-04-20 00:10:00,7.239091143588865,37.007789523790734,5.446959031580625,62.940088374736405,200,0
2025-04-20 00:20:00,7.1381524644560965,36.4518624565524,4.519728806457046,60.58474821035595,200,0
2025-04-20 00:30:00,7.133977169345786,36.279974558702854,4.751450892565926,60.57565227164791,200,0
2025-04-20 00:40:00,7.226097078280845,37.797252531612486,4.969023571955286,61.778669262885344,200,0
2025-04-20 00:50:00,7.21484923366166,36.576519325840835,4.5070433566537496,60.20671554536958,200,0
2025-04-20 01:00:00,7.212524642517294,36.50430382527185,4.947243678670379,63.68396739090426,200,0
2025-04-20 01:10:00,7.217322410474849,35.92330494319814,5.498441049718405,61.26158559910511,200,0
2025-04-20 01:20:00,7.165998763921076,36.68051912615525,5.006265946488789,56.18602356135672,200,0
2025-04-20 01:30:00,7.21161268485805,36.33845510329625,5.069210271715605,61.25035588675639,200,0
2025-04-20 01:40:00,7.214653623664934,37.82100758006818,4.6219505704482255,59.922912358312054,200,0
2025-04-20 01:50:00,7.164282429098682,37.504908544671316,4.815091577588157,58.73744836907811,200,0
2025-04-20 02:00:00,7.293288725557238,36.65592482741114,4.887441085902819,59.525146723554855,200,0
2025-04-20 02:10:00,7.223691646045589,38.12621790267215,4.90468547097313,62.21881694366594,200,0
2025-04-20 02:20:00,7.1404348251398675,37.490882743495796,5.3844931385011305,64.65728165649647,200,0
2025-04-20 02:30:00,7.232827680431692,36.83758430824569,5.167307318217538,62.62636894772996,200,0
2025-04-20 02:40:00,7.151265916488634,35.75029714256321,4.666562612918891,60.78699322356852,200,0
2025-04-20 02:50:00,7.239354230187123,38.14547128629537,5.073951433529602,62.911808390341406,200,0
2025-04-20 03:00:00,7.257929778950371,36.3052137666182,5.149466524549036,61.08181937956201,200,0
2025-04-20 03:10:00,7.158965884082415,36.17730062652156,5.34204471155638,60.61079926167371,200,0
2025-04-20 03:20:00,7.248168806462216,37.51128521600482,5.474162205970512,59.69127466353403,200,0
2025-04-20 03:30:00,7.220639046346825,38.21987620316963,4.695471742451639,58.496342386496565,200,0
2025-04-20 03:40:00,7.241103007999724,37.69213640925526,4.756742746636899,61.220152586881106,200,0
2025-04-20 03:50:00,7.2948396491326974,37.28195456002618,4.622726642325615,62.316106979840264,200,0
2025-04-20 04:00:00,7.187730594199857,37.29737717083264,4.929794042267906,61.80675265997022,200,0
2025-04-20 04:10:00,7.162313191782125,37.426707779390156,5.139907512333901,61.16806614410528,200,0
2025-04-20 04:20:00,7.155524278518724,37.37946429489338,5.2962003549767305,60.10850787860644,200,0
2025-04-20 04:30:00,7.159209485751728,37.14059571198469,4.977214692907244,63.21649238336994,200,0
2025-04-20 04:40:00,7.196144914529295,37.05210055197594,4.904045743023547,59.36573616010683,200,0
2025-04-20 04:50:00,7.2170575987408325,36.96870343605024,5.045527397674622,63.55205582768695,200,0
2025-04-20 05:00:00,7.213834539966501,36.62301770556666,4.7494571295109935,59.99556596214655,200,0
2025-04-20 05:10:00,7.2413591624518014,36.859662461566614,5.626861616508432,60.49512952529393,200,0
2025-04-20 05:20:00,7.200650094593896,36.15352159290231,4.517701691864582,59.066429618768645,200,0
2025-04-20 05:30:00,7.272676703857866,36.95083018660262,5.055422173668718,60.99719570622872,200,0
2025-04-20 05:40:00,7.186767158338102,36.50570444642454,5.607081865768892,63.95062491695596,200,0
2025-04-20 05:50:00,7.336008458329481,36.44820534139212,5.002039953368,63.031256176887915,200,0
2025-04-20 06:00:00,7.231283367388251,37.08994707557674,4.942988289499552,63.95684422405607,200,0
2025-04-20 06:10:00,7.157142122179186,37.696001143172296,4.892766373156872,63.04428509186787,200,0
2025-04-20 06:20:00,7.146455375096944,37.45915830300115,4.9458824954712775,59.792660342939264,200,0
2025-04-20 06:30:00,7.2241236207621595,36.21474969818841,5.411854542402959,61.33842155134489,200,0
2025-04-20 06:40:00,7.188826860733708,36.505185931714834,4.336441426601148,60.439601741765074,200,0
2025-04-20 06:50:00,7.235700024704605,37.47038559399411,5.460030110388898,64.66114980807808,200,0
2025-04-20 07:00:00,7.2236618812286775,36.50875630323085,4.572812854264956,59.606422707147374,200,0
2025-04-20 07:10:00,7.196358554367157,36.88768342500149,4.9200043012296755,63.78739537877822,200,0
2025-04-20 07:20:00,7.15766031409658,37.27502604951228,4.871226673910401,63.78590774021754,200,0
2025-04-20 07:30:00,7.124257638765707,36.51582777256818,5.176565980931216,65.65924040343218,200,0
2025-04-20 07:40:00,7.177674252396649,37.05268775307298,4.520562694434876,61.180626814741004,200,0
2025-04-20 07:50:00,7.242819939716174,36.332987252540896,5.138651799824583,63.42464431916032,200,0
2025-04-20 08:00:00,7.21070468720651,36.6993161780244,5.607292886986055,66.56330367307768,200,0
2025-04-20 08:10:00,7.1377130610644,37.15989096707127,4.5910477986221565,60.764716646132605,200,0
2025-04-20 08:20:00,7.208659046292559,36.203503133234165,5.056911850283119,58.92991950493528,200,0
2025-04-20 08:30:00,7.219265868986442,37.2202373689802,4.801405346661017,58.239979932184475,200,0
2025-04-20 08:40:00,7.155807128189943,36.99018110053666,5.1277661618579105,63.425424057722665,200,0
2025-04-20 08:50:00,7.2076862552972765,37.27624497720858,5.005744333224726,58.23369958388283,200,0
2025-04-20 09:00:00,7.2029104359223,37.11195706703233,4.807553927286707,61.25536189412416,200,0
2025-04-20 09:10:00,7.142851485108469,37.68207021498692,5.146361685461322,62.87462637407792,200,0
2025-04-20 09:20:00,7.217889368017414,37.062612251323955,5.541304432936023,62.370351073659826,200,0
2025-04-20 09:30:00,7.228039226318412,36.785297229437376,4.94272886248181,62.850889728368344,200,0
2025-04-20 09:40:00,7.254152562158764,37.06114875151614,5.2159273826444545,62.444579711601705,200,0
2025-04-20 09:50:00,7.252690102601745,37.2716490145182,4.612018112638651,64.55773162662679,200,0
2025-04-20 10:00:00,7.131116531602146,37.02443003516285,4.713069086954597,60.09536723852241,200,0
2025-04-20 10:10:00,7.153108748004244,37.02029584560194,5.141721883364113,60.64600972308294,200,0
2025-04-20 10:20:00,7.225751763360433,36.64900415609662,5.445234808560789,60.45468110945835,200,0
2025-04-20 10:30:00,7.22568929754561,36.66854954122453,5.106684004635698,63.660383623725224,200,0
2025-04-20 10:40:00,7.225752384315302,36.29869736410015,4.906082590843054,63.80079717679013,200,0
2025-04-20 10:50:00,7.3926365745327365,37.87478837159347,4.999787421627007,62.90245063863701,200,0
2025-04-20 11:00:00,7.228544525534659,36.378068382304356,4.624877679809085,64.36698733377986,200,0
2025-04-20 11:10:00,7.25677828200903,36.653547401102045,5.18135459790661,59.64391826524724,200,0
2025-04-20 11:20:00,7.2477000881746605,36.6407963672154,5.264699918697023,65.33444822310227,200,0
2025-04-20 11:30:00,7.23256956256529,37.44746218847222,4.864372900150076,65.04647724342452,200,0
2025-04-20 11:40:00,7.184236537767983,36.852525160853986,4.8589873556721495,63.471243994491495,200,0
2025-04-20 11:50:00,7.237948461024663,37.623871036336865,5.079763468895615,65.56359781754212,200,0
2025-04-20 12:00:00,7.161358739273122,36.663254687878066,4.868984079187821,58.68675358464445,200,0
2025-04-20 12:10:00,7.188159069663,37.1394970811119,4.980160215612253,60.951103727474695,200,0
2025-04-20 12:20:00,7.175731822608545,36.582326473370124,5.629916536749954,60.5293930786361,200,0
2025-04-20 12:30:00,7.204093706969316,38.0725745638867,4.925892289776201,63.442958647514686,200,0
2025-04-20 12:40:00,7.315732928333675,36.406200790485244,4.892497954393633,59.89971852079571,200,0
2025-04-20 12:50:00,7.106636740370413,37.154910355113515,4.805737458309452,63.514990298674974,200,0
2025-04-20 13:00:00,7.234313009518726,37.31688844046605,5.223257591449981,64.74107228799343,200,0
2025-04-20 13:10:00,7.119364206440517,37.20689954872575,4.945632748034569,63.390405800168,200,0
2025-04-20 13:20:00,7.176403406710529,36.907356170561144,4.805188088503572,62.567502047323,200,0
2025-04-20 13:30:00,7.254447529848369,36.935089650133285,5.396391209681903,60.024253318198504,200,0
2025-04-20 13:40:00,7.203214000954773,37.021905735989556,5.425880901354091,60.30629806774927,200,0
2025-04-20 13:50:00,7.146112761103534,36.92649899918575,4.819872930278389,64.49923781059333,200,0
2025-04-20 14:00:00,7.164234814537002,37.48193955839746,4.440038014591815,63.55869800781066,200,0
2025-04-20 14:10:00,7.233979887446734,38.10526150079568,5.302254106951077,61.92196096124491,200,0
2025-04-20 14:20:00,7.163481668414144,36.72125410749608,4.794611052271999,61.16418090846822,200,0
2025-04-20 14:30:00,7.210822929479099,36.31509851021046,5.23718767974883,57.94838425377725,200,0
2025-04-20 14:40:00,7.202278591995191,36.95585897582437,4.408968854686449,59.85829516263112,200,0
2025-04-20 14:50:00,7.167419982619709,38.28985466882716,5.267779201489793,65.82283817427944,200,0
2025-04-20 15:00:00,7.3071972044662665,36.59816271601513,4.6366484212157655,59.43908885799507,200,0
2025-04-20 15:10:00,7.231695951115901,37.81955840272203,5.219229235719958,62.37895964244216,200,0
2025-04-20 15:20:00,7.098742870667119,37.83885040703822,5.00428192035093,64.0148879463904,200,0
2025-04-20 15:30:00,7.209322715738471,36.723205879146,4.713818174181006,59.49015466399541,200,0
2025-04-20 15:40:00,7.166910676761581,37.284491539592636,4.877889106121966,62.36942094956217,200,0
2025-04-20 15:50:00,7.242621666739812,37.81419831156427,5.20589553708701,63.87583107502131,200,0
2025-04-20 16:00:00,7.160373963078365,36.81043612950626,5.03176833593457,62.0249986438145,200,0
2025-04-20 16:10:00,7.194263177926655,36.89820981994882,5.175323894141745,67.73680611133354,200,0
2025-04-20 16:20:00,7.225249363949023,36.70915954302568,5.592932175354646,58.66280148224361,200,0
2025-04-20 16:30:00,7.243287759708506,36.49262163465357,4.530727516486684,64.11745705976776,200,0
2025-04-20 16:40:00,7.139985179647211,36.67536122746699,5.485163772490587,61.65439652520707,200,0
2025-04-20 16:50:00,7.183274938207953,36.38802986661887,5.031306781256964,63.54384030967335,200,0
2025-04-20 17:00:00,7.176252734441952,37.01704173412961,4.7303647855030615,62.88261430339849,200,0
2025-04-20 17:10:00,7.167333538371315,36.61501338447068,4.600905912278303,60.53368760578001,200,0
2025-04-20 17:20:00,7.288272712014055,37.11689295589537,4.94326388276689,62.45799278491868,200,0
2025-04-20 17:30:00,7.220249085548048,36.22205217689819,5.276495033577338,58.284197097203425,200,0
2025-04-20 17:40:00,7.136955802283248,37.16544011610723,4.96173526388674,63.206495001142784,200,0
2025-04-20 17:50:00,7.245893097352739,37.41676448080446,5.453346479074204,62.59631693198105,200,0
2025-04-20 18:00:00,7.306107809850632,36.003132178714274,4.5646472929845325,63.277320337286206,200,0
2025-04-20 18:10:00,7.251623263027557,37.187028284923784,4.996373315646184,64.1162366501743,200,0
2025-04-20 18:20:00,7.1240315017023,37.61383449623665,4.624281966676064,62.73523968041942,200,0
2025-04-20 18:30:00,7.1757882963566875,36.3951794906544,5.1090895647874905,62.29617883959655,200,0
2025-04-20 18:40:00,7.263345557459331,37.83628619341885,5.26606621702919,60.23786332667741,200,0
2025-04-20 18:50:00,7.164616526719061,37.20950950468302,4.873771461895684,60.5755584727019,200,0
2025-04-20 19:00:00,7.222190971407311,36.64749407212079,4.21873584301186,64.37346924035467,200,0
2025-04-20 19:10:00,7.238731702671467,36.97211546117115,5.059684444038949,64.87267081141195,200,0
2025-04-20 19:20:00,7.153653476421096,37.27916345626086,5.131021565520053,61.52377912737589,200,0
2025-04-20 19:30:00,7.19702373219691,37.038002695706204,5.121288426488509,62.09200549450655,200,0
2025-04-20 19:40:00,7.037936632996547,37.269377996223184,5.370734657546646,60.19077125001247,200,0
2025-04-20 19:50:00,7.148780617933285,36.539663203460314,4.6786838961052855,64.34551369053489,200,0
2025-04-20 20:00:00,7.187371592430342,37.08468041201804,5.204064831635135,63.33083364738356,200,0
2025-04-20 20:10:00,7.137610840901758,36.29314275154751,5.357752253743392,65.8824348729275,200,0
2025-04-20 20:20:00,7.281620565196582,36.94438696932565,4.4664237247980445,60.24335384564052,200,0
2025-04-20 20:30:00,7.1284929311019685,36.54804617926761,5.095895547775693,61.24398420196356,200,0
2025-04-20 20:40:00,7.177997775665151,36.63223502870512,4.848746050697699,62.462891845051146,200,0
2025-04-20 20:50:00,7.206537028864305,37.61804658760522,4.975543198069507,63.29297907545154,200,0
2025-04-20 21:00:00,7.272063664453306,37.545655060297136,5.104302945061501,61.568664724904735,200,0
2025-04-20 21:10:00,7.128206892441028,37.30456906045359,4.8538314307659345,60.2540778190926,200,0
2025-04-20 21:20:00,7.258158187607748,36.45384361766371,4.797287576251517,63.76281505784714,200,0
2025-04-20 21:30:00,7.200511653050979,36.8417957751526,5.010245725246407,63.44227072509116,200,0
2025-04-20 21:40:00,7.1509245674476025,37.60654884998959,4.673826218341159,60.16745179887255,200,0
2025-04-20 21:50:00,7.223105173713163,37.070858456819956,4.6742524613344445,64.710885602211,200,0
2025-04-20 22:00:00,7.209952984778674,38.15966476999085,5.203811984886951,64.34039741839321,200,0
2025-04-20 22:10:00,7.16998915614206,37.196658919697185,4.655361789452403,62.268592994495584,200,0
2025-04-20 22:20:00,7.203490104249501,37.09602455824501,5.199893750272763,62.159195724752074,200,0
2025-04-20 22:30:00,7.180734320156912,36.84544176789875,5.1387773878561855,63.108115542231815,200,0
2025-04-20 22:40:00,7.2056758672625625,37.06677045239114,4.482257981362821,60.276593859487484,200,0
2025-04-20 22:50:00,7.233106533726053,36.92376508180973,4.796730604299303,62.06006295832817,200,0
2025-04-20 23:00:00,7.2793008408072675,37.3540543383443,5.358232820914211,57.69523291078164,200,0
2025-04-20 23:10:00,7.138109225058658,37.478351158397295,4.705650340658096,63.75291129100587,200,0
2025-04-20 23:20:00,7.306651668732814,36.607005269746026,4.860678721307184,58.87701355511628,200,0
2025-04-20 23:30:00,7.102395610023875,36.33438352322111,5.138618267975569,65.00683965685799,200,0
2025-04-20 23:40:00,7.192410745248221,36.08189731344835,5.235017152784779,61.3397598120671,200,0
2025-04-20 23:50:00,7.229415860324229,37.25399566345627,4.924538334186651,61.576666036137645,200,0
2025-04-21 00:00:00,7.2140495933867514,36.44831669691306,4.820746941592508,60.74453218783099,200,0
2025-04-21 00:10:00,7.16886502400897,35.923554703523756,5.4267109585095525,61.42392225215585,200,0
2025-04-21 00:20:00,7.189593887482136,37.19428930226548,5.521669899139273,64.83706269029608,200,0
2025-04-21 00:30:00,7.175349953267059,38.246499758716396,5.293657415234539,57.02438268692984,200,1
2025-04-21 00:40:00,7.170531762152789,36.99696454423005,5.025595442769507,64.55393077217637,200,0
2025-04-21 00:50:00,7.242480104851051,37.41924538722582,4.757520283507722,62.676046962203415,200,0
2025-04-21 01:00:00,7.2178507742982525,37.04091467927378,4.750866678033031,59.58595670428557,200,0
2025-04-21 01:10:00,7.165354520236967,36.95055517340443,5.156754231579727,59.849375213901524,200,0
2025-04-21 01:20:00,7.244979993771663,37.45953824149388,5.1255194662666055,65.35278605441641,200,0
2025-04-21 01:30:00,7.215364976043831,36.854862727905676,5.4204795778839285,60.10898624011454,200,0
2025-04-21 01:40:00,7.240643105941948,37.13369615703595,5.195135027760842,59.69329897880808,200,0
2025-04-21 01:50:00,7.231481442096181,37.16084890309801,4.549075909472054,64.27462908472945,200,0
2025-04-21 02:00:00,7.158550249453897,36.66595477317848,5.315584285316875,62.677105752571826,200,0
2025-04-21 02:10:00,7.171990947990151,37.49602117476826,4.700581811805677,60.124148846927206,200,0
2025-04-21 02:20:00,7.237364680256163,36.91252012165229,4.8848086184142945,62.43324995080924,200,0
2025-04-21 02:30:00,7.230518513271673,36.62212742025358,5.075060061875508,59.948494632719445,200,0
2025-04-21 02:40:00,7.198954920301793,37.2682549217852,5.59870024693519,64.2016427968452,200,0
2025-04-21 02:50:00,7.205866369165439,36.55076600910448,5.932975566801608,64.12274192974627,200,0
2025-04-21 03:00:00,7.2638832447894215,37.014090578684566,5.182016917740855,63.064012397643886,200,0
2025-04-21 03:10:00,7.170421430558209,36.9954405016779,4.945041014383883,62.72332212249403,200,0
2025-04-21 03:20:00,7.227354869058502,37.54294778291579,5.160351694544165,65.52237624973475,200,0
2025-04-21 03:30:00,7.189890367378306,37.23734911643998,5.26629662776215,61.99937265477645,200,0
2025-04-21 03:40:00,7.189115939838639,36.98748652062743,4.903799712332843,59.6362517491584,200,0
2025-04-21 03:50:00,7.254938842599359,37.40888314960014,5.538563406773696,62.898947825664614,200,0
2025-04-21 04:00:00,7.241270817449402,37.69510377450866,5.06902122775742,66.17209409907423,200,0
2025-04-21 04:10:00,7.240675481800032,37.278905153175934,5.149322926727418,59.970481013628294,200,0
2025-04-21 04:20:00,7.265273940357717,37.00517630992169,5.199777275616339,61.27707446661203,200,0
2025-04-21 04:30:00,7.201050192081638,36.34408188382492,5.126475983184337,62.8328920762029,200,0
2025-04-21 04:40:00,7.234097648564749,36.46744316846231,5.2516821501408835,61.89219030198852,200,0
2025-04-21 04:50:00,7.184486662170327,36.847387647822664,4.814824044035923,60.03539283924537,200,0
2025-04-21 05:00:00,7.216208317624423,36.69524389892036,4.832509473816191,64.24371571246094,200,0
2025-04-21 05:10:00,7.1934928472816155,36.90651434850728,4.6699537301084915,66.64008144403452,200,0
2025-04-21 05:20:00,7.2048497982496365,37.02832496244855,5.1318503691860675,62.39226291804781,200,0
2025-04-21 05:30:00,7.229757851271846,37.264846377178365,5.233680951053635,60.191863420528,200,0
2025-04-21 05:40:00,7.159088965838326,36.964750610970455,5.137331859845566,58.90207894989305,200,0
2025-04-21 05:50:00,7.304619363784274,37.2432508219131,5.502347730004261,62.515951962442365,200,0
2025-04-21 06:00:00,7.149699130925015,37.03223720740506,4.998321194351286,64.20775468663251,200,0
2025-04-21 06:10:00,7.139290569360614,36.01226671682306,5.200622496677754,62.95033549299076,200,0
2025-04-21 06:20:00,7.257905543675004,36.530332303090624,4.672489737158205,61.99519231816229,200,0
2025-04-21 06:30:00,7.239583134698147,36.927956222139194,4.883870089257679,60.821456696421386,200,0
2025-04-21 06:40:00,7.231205990852608,36.395152628579446,5.208661327269733,59.81567273456382,200,0
2025-04-21 06:50:00,7.2314172754632144,37.299964364998104,5.254730633222943,63.66950265264976,200,0
2025-04-21 07:00:00,7.199387661357655,37.76537541617185,4.911809915700745,63.82754324277117,200,0
2025-04-21 07:10:00,7.155137281425708,37.60938092584866,4.97852022444258,58.908540426618536,200,0
2025-04-21 07:20:00,7.203790227909686,36.893278564534896,4.5446378759957575,65.17967795636137,200,0
2025-04-21 07:30:00,7.1661419144243945,37.74536306842498,4.8928912397580175,63.148142441788,200,0
2025-04-21 07:40:00,7.248755986670888,37.074333728601054,5.2671149490559355,64.7991892902916,200,0
2025-04-21 07:50:00,7.192647130924893,36.83145701444098,5.17256150483197,59.31574450302977,200,0
2025-04-21 08:00:00,7.158725140160374,36.69329866822953,5.150199716414363,59.26835168916912,200,0
2025-04-21 08:10:00,7.183930707917351,36.84876515675594,2.074181246919827,61.70206138046541,200,1
2025-04-21 08:20:00,7.220646572713782,36.80591159072939,5.002118947588453,63.005568853790386,200,0
2025-04-21 08:30:00,7.171813772359801,37.08520811118775,4.801903658157966,65.59272164585393,200,0
2025-04-21 08:40:00,7.158888980221678,37.08028699052493,5.209648526060761,63.41215782763026,200,0
2025-04-21 08:50:00,7.212184360574596,37.00152301007671,5.126291883316817,61.514637446375936,200,0
2025-04-21 09:00:00,7.212248328555436,37.21846908487318,5.1476056543978395,59.94726158466822,200,0
2025-04-21 09:10:00,7.174652841231444,37.59532313739317,4.842189547199726,64.4600011454383,200,0
2025-04-21 09:20:00,7.176448084719084,37.47477706772066,4.353997124038627,60.07058914849857,200,0
2025-04-21 09:30:00,7.211602496867882,36.25755101577505,5.329145813526108,65.25693710954464,200,0
2025-04-21 09:40:00,7.127595782925134,35.72303943254902,4.856348763197479,61.43123070078698,200,0
2025-04-21 09:50:00,7.129626811281172,37.467159955619636,4.741167270787064,65.1811641452357,200,0
2025-04-21 10:00:00,7.164077788937378,36.31656065079229,5.208043673574198,63.35786258011856,200,0
2025-04-21 10:10:00,7.1893276424144075,36.88761729905366,4.882396208024261,61.72600902111508,200,0
2025-04-21 10:20:00,7.2155453782799,36.41494348697032,5.317980915213987,60.96120725634775,200,0
2025-04-21 10:30:00,7.2737678108474775,36.09900978120999,5.18510178487301,61.31818424530784,200,0
2025-04-21 10:40:00,7.242882981160101,37.270731364102396,5.205070796960143,62.856633384750474,200,0
2025-04-21 10:50:00,7.192003073501829,37.37957758015132,4.590213286639839,62.154312992435436,200,0
2025-04-21 11:00:00,7.199049189604866,36.71174479963664,5.36358319561592,60.81237718386259,200,0
2025-04-21 11:10:00,7.14987353176811,35.70447885392755,5.0783751593701565,61.66873717936473,200,0
2025-04-21 11:20:00,7.1990743432003805,36.72687777587376,4.889216858226139,62.1571540594383,200,0
2025-04-21 11:30:00,7.185567068053993,37.195902002701274,5.043016540202675,57.74253181117037,200,0
2025-04-21 11:40:00,7.216135928016905,36.26054421561294,4.467129430130504,62.9163362295774,200,0
2025-04-21 11:50:00,7.158638452822384,37.091679959889575,5.122595843444201,60.04055755056638,200,0
2025-04-21 12:00:00,7.225967325712059,36.9923450754135,4.691188547545378,59.69333519358851,200,0
2025-04-21 12:10:00,7.276636945650129,37.28964574980054,4.59419891424694,58.62531130577858,200,0
2025-04-21 12:20:00,7.194561992577158,37.059790184207074,4.543292244134633,58.41221500426422,200,0
2025-04-21 12:30:00,7.220085586104947,36.51346552955922,5.333806512496977,59.289104993775425,200,0
2025-04-21 12:40:00,7.234507199585556,37.59828575083225,4.811220981892164,60.58195808473902,200,0
2025-04-21 12:50:00,7.179938976405708,36.920735213486516,5.4601183129749495,65.90651827505313,200,0
2025-04-21 13:00:00,7.211204624090521,36.986347730245036,4.839259561084311,60.94824064820959,200,0
2025-04-21 13:10:00,7.20062962003909,36.533366020463404,4.487792612722116,62.355500212536064,200,0
2025-04-21 13:20:00,7.204883804927442,36.77835887440425,4.665042668015403,62.80096277301266,200,0
2025-04-21 13:30:00,7.161349510807227,36.55759864298655,5.370743486002081,62.2621303724317,200,0
2025-04-21 13:40:00,7.201225508712947,36.91352697003829,4.953230546618999,61.84511307854801,200,0
2025-04-21 13:50:00,7.224899914562273,37.855854240071174,4.835513811052819,59.60941247280151,200,0
2025-04-21 14:00:00,7.272557180389752,36.314049428534325,5.048005467755837,64.90185509655842,200,0
2025-04-21 14:10:00,7.2479635413042605,36.19321930106163,5.150534820850264,65.61439328727577,200,0
2025-04-21 14:20:00,7.307659122875578,37.735585163746805,5.3352196447707385,58.63468261175463,200,0
2025-04-21 14:30:00,7.161632621855598,36.895338161424064,5.4345497689678774,59.95194281822724,200,0
2025-04-21 14:40:00,7.243616031836034,36.66546363067004,4.892069406263274,61.44037931524599,200,0
2025-04-21 14:50:00,7.209167100286918,37.51995234369804,4.602185694175389,60.070924410179614,200,0
2025-04-21 15:00:00,7.309490146660884,36.69719223013157,4.875960451663017,63.01193110691173,200,0
2025-04-21 15:10:00,7.1595850857322425,37.91300485677347,5.078084151974866,60.54345559518677,200,0
2025-04-21 15:20:00,7.158013907890961,37.338962935669635,4.710872322136817,66.3301121356132,200,0
2025-04-21 15:30:00,7.170030367727799,36.75604429592715,4.712854725531487,64.38109718868719,200,0
2025-04-21 15:40:00,7.09380521378451,38.078654106632754,5.103136364464966,62.42514806126443,200,0
2025-04-21 15:50:00,7.173712248915962,36.69714253849833,4.985404294528864,64.05397252663947,200,0
2025-04-21 16:00:00,7.162043366922315,37.37104768600465,5.009839098623476,64.21180084871462,200,0
2025-04-21 16:10:00,7.207519689323811,37.14964629020324,4.772451399589979,60.87210502388351,200,0
2025-04-21 16:20:00,7.217087798788858,37.650870644699395,4.93087978573827,60.36756551091607,200,0
2025-04-21 16:30:00,7.293808541960795,37.78075559836343,4.7227300567195085,62.156286125939296,200,0
2025-04-21 16:40:00,7.2475211919093026,37.016002074532885,5.267059523337436,63.72327224899589,200,0
2025-04-21 16:50:00,7.17115481721688,36.62329106482691,5.310574800417125,62.27812079730683,200,0
2025-04-21 17:00:00,7.155079266432582,37.22998607146956,4.446143641328572,58.84600703561801,200,0
2025-04-21 17:10:00,7.224595958575326,36.661142315123946,4.7211467419422775,60.39435111209831,200,0
2025-04-21 17:20:00,7.133988339648968,38.00669362376331,4.551041223472977,61.852054272811245,200,0
2025-04-21 17:30:00,7.291572938292718,37.06826766554137,4.80499281967793,61.84866879134834,200,0
2025-04-21 17:40:00,7.258972006036065,36.81733922434395,4.974968609062892,65.94508435357962,200,0
2025-04-21 17:50:00,7.176541217394765,37.09234015293245,4.565106434090441,59.228024115202004,200,0
2025-04-21 18:00:00,7.114343273545456,36.32643685523515,4.723442056062406,63.01117848367175,200,0
2025-04-21 18:10:00,7.267693618708271,36.514192980744674,4.698812788375551,64.97822621665658,200,0
2025-04-21 18:20:00,7.194273007737369,37.60020695397221,5.062180198819683,66.5428994908456,200,0
2025-04-21 18:30:00,7.261890815598673,36.6715528605143,5.020803301110875,61.191205153632076,200,0
2025-04-21 18:40:00,7.120278617060282,36.47654450865903,4.783478733998824,62.9828589054404,200,0
2025-04-21 18:50:00,7.170031248852312,37.268326376263644,5.0530462616418195,63.13952071439729,200,0
2025-04-21 19:00:00,7.20026218498591,37.5928520773315,4.83599597462382,62.39096346310658,200,0
2025-04-21 19:10:00,7.2023490296882375,37.359476655332536,4.918503466902184,61.802309597521386,200,0
2025-04-21 19:20:00,7.177496726426038,37.49802384290291,5.502035627089561,62.871950779000095,200,0
2025-04-21 19:30:00,7.231142496617375,36.62160245571527,5.402138315537105,56.93550782956063,200,0
2025-04-21 19:40:00,7.146618978530871,36.289094666629076,4.610125628921721,63.36413898012526,200,0
2025-04-21 19:50:00,6.080601304080284,37.750666825977746,5.248919725363752,62.25235580732394,200,1
2025-04-21 20:00:00,7.206014781585595,36.83866008057893,5.243418966347478,61.55505020644347,200,0
2025-04-21 20:10:00,7.225721941702938,36.874583491772476,4.655521013374215,66.09372439143911,200,0
2025-04-21 20:20:00,7.235580743904444,37.66409707092453,5.245633293126458,60.6501319624189,200,0
2025-04-21 20:30:00,7.143767895408106,37.27811500470033,5.4613795755237655,61.19384802186994,200,0
2025-04-21 20:40:00,7.123294291463219,37.227943886040805,4.663236558126676,65.98310660440947,200,0
2025-04-21 20:50:00,7.263883841094926,38.08250117245054,4.724749153695721,60.33587739030029,200,0
2025-04-21 21:00:00,7.21661570059898,36.67824088480993,5.3052984400530505,60.899769434126924,200,0
2025-04-21 21:10:00,7.162575673172173,37.46392006404062,5.0814485932476945,61.7059491531383,200,0
2025-04-21 21:20:00,7.277557598776126,37.02850656244854,5.165442882571857,63.681468964259096,200,0
2025-04-21 21:30:00,7.205783731714643,37.134296139431626,5.102176764920149,62.41560501470663,200,0
2025-04-21 21:40:00,7.258964859203192,37.764234213206265,5.117208776278443,59.41474930569547,200,0
2025-04-21 21:50:00,7.203375924070506,37.25391787814481,4.602058361506675,60.93566287374562,200,0
2025-04-21 22:00:00,7.3030373962440995,37.269148039524815,5.314195311986435,60.785291133575576,200,0
2025-04-21 22:10:00,7.2877670421221605,37.5362536686549,5.350876997728332,61.84555790955391,200,0
2025-04-21 22:20:00,7.187551792576047,36.81752363522856,4.9311827767795915,62.85168731725966,200,0
2025-04-21 22:30:00,7.248578547547718,36.5803951663305,4.986956915055841,62.83641151177594,200,0
2025-04-21 22:40:00,7.232268797479257,36.477595402989486,4.540667749233283,58.4479764919032,200,0
2025-04-21 22:50:00,7.268431577876617,36.016821705312,5.1542764268053505,64.12788197512171,200,0
2025-04-21 23:00:00,7.151753826970995,38.02810356497016,5.171617232514243,62.50513769199325,200,0
2025-04-21 23:10:00,7.234302572999922,36.44839581713916,4.981342694900206,64.76906409518782,200,0
2025-04-21 23:20:00,7.252921224342479,36.88937318820712,5.337306007961151,62.88839665458134,200,0
2025-04-21 23:30:00,7.112063025678845,36.86159335005554,4.899776830706018,64.20264591547152,200,0
2025-04-21 23:40:00,7.140837074366711,37.15370334890455,5.16938177776808,62.93309062290025,200,0
2025-04-21 23:50:00,5.933959941454116,37.407868606269645,4.694100698392365,64.6924515124055,200,1
2025-04-22 00:00:00,7.186529658277772,37.43023674417987,4.992934354737729,63.04450127203556,200,0
2025-04-22 00:10:00,7.235877112789798,36.70846128071553,4.9476937226291495,61.80416950711419,200,0
2025-04-22 00:20:00,7.275117852604802,36.91643914310679,5.067592376612282,66.54486944089376,200,0
2025-04-22 00:30:00,7.2037047390209885,37.14128997524415,4.889141921349992,63.77807424455978,200,0
2025-04-22 00:40:00,7.2814307772785645,36.87565443690823,4.960558221298499,63.147488842008826,200,0
2025-04-22 00:50:00,7.130994927089255,37.80367278801,5.247814151432452,59.447391166923325,200,0
2025-04-22 01:00:00,7.114830878032242,37.245487475819125,4.868970728828534,59.423384765072925,200,0
2025-04-22 01:10:00,7.1972226150551695,37.36743889302491,4.518026869778396,62.58543096428371,200,0
2025-04-22 01:20:00,7.219203272446966,37.33144063433371,5.524875171261626,62.29104239553648,200,0
2025-04-22 01:30:00,7.198365262595296,37.58673692874266,5.4144362236071455,60.77175486998337,200,0
2025-04-22 01:40:00,7.096627894998006,37.09051077935185,4.612321191468315,62.28196539922412,200,0
2025-04-22 01:50:00,7.195543998024361,36.351584026022074,5.206912341573558,65.17725385608719,200,0
2025-04-22 02:00:00,7.1347765249747575,37.19984397587632,4.849107568834597,63.3908049491006,200,0
2025-04-22 02:10:00,7.233483627441502,36.674321553104086,5.079046164599318,59.717982980494526,200,0
2025-04-22 02:20:00,7.218329912304843,36.73569165912512,5.088267238704048,61.77698234571411,200,0
2025-04-22 02:30:00,7.153006010683632,37.293182009377546,4.929677659905104,60.39006703829488,200,0
2025-04-22 02:40:00,7.174306654133166,37.61914153571682,4.764870300324081,61.22460016718288,200,0
2025-04-22 02:50:00,7.1470393239055525,37.01063578836803,4.792837684305122,61.172768668740716,200,0
2025-04-22 03:00:00,7.196866045136342,37.154416506299484,4.725142425355627,61.04470883479199,200,0
2025-04-22 03:10:00,7.2477571160250625,37.85110747231762,4.750453337530867,59.48972925605321,200,0
2025-04-22 03:20:00,7.150713697683223,37.12037658974428,4.979846512985193,61.74469063696362,200,0
2025-04-22 03:30:00,7.225202325775893,38.300841557090195,4.785272003266774,60.87878472630538,200,0
2025-04-22 03:40:00,7.173487119081378,37.282754822815775,5.204615619713786,56.141102619995465,200,0
2025-04-22 03:50:00,7.160356358386883,36.11961862042209,5.446173846600778,66.10594404900333,200,0
2025-04-22 04:00:00,7.194648482002273,37.37667081055227,4.825984027588987,64.17753930843334,200,0
2025-04-22 04:10:00,7.148237883879031,37.19057919244139,5.071821350160613,61.24739855015001,200,0
2025-04-22 04:20:00,7.172317534732641,37.64487637704137,5.14990553309088,62.0376380994812,200,0
2025-04-22 04:30:00,7.140106105370558,37.33659067563498,5.141600681275782,59.65669130536487,200,0
2025-04-22 04:40:00,7.298236256645819,36.93077200800811,5.022786580374826,65.39144575562173,200,0
2025-04-22 04:50:00,7.201763177598586,36.387850881855314,5.222804725507917,65.79457738954622,200,0
2025-04-22 05:00:00,7.165013724600371,36.89548837135699,5.144674685804197,62.31338745649305,200,0
2025-04-22 05:10:00,7.210698995536712,36.57473977289535,4.628701273301811,64.04706128837068,200,0
2025-04-22 05:20:00,7.194383597515459,36.709738275097635,5.260746819316782,62.35057355786785,200,0
2025-04-22 05:30:00,7.188951520023339,37.29428920221031,5.266187251180023,59.32654912224814,200,0
2025-04-22 05:40:00,7.230708335002172,37.834952252175704,4.771014168746426,61.17635326207269,200,0
2025-04-22 05:50:00,7.237875385502366,37.19733576491149,5.011381350634281,62.263855933543915,200,0
2025-04-22 06:00:00,7.173474942619474,36.40205846898241,5.204998697843321,61.09090456251311,200,0
2025-04-22 06:10:00,7.171209087967767,37.22230133411007,4.937205854126192,61.56269344512993,200,0
2025-04-22 06:20:00,7.186247415142418,37.59831574332283,5.321893414329804,61.81720088498177,200,0
2025-04-22 06:30:00,7.084903941763221,36.695108547840306,5.709161748385808,61.838243004269074,200,0
2025-04-22 06:40:00,7.124240446890073,36.93299141666354,4.764204190209505,62.104516980994966,200,0
2025-04-22 06:50:00,7.268343713372227,37.0073440973646,4.585686619053868,59.8787898672068,200,0
2025-04-22 07:00:00,7.282248385675064,36.60755084345888,5.091145578681463,60.56596770174413,200,0
2025-04-22 07:10:00,7.187548198022181,37.32414021692193,5.216468751537843,59.43083146860006,200,0
2025-04-22 07:20:00,7.228827848152789,36.93952592569611,4.930740087846569,63.955631099372404,200,0
2025-04-22 07:30:00,7.215562507727177,37.209766221953515,5.4359781989963105,57.788706116319354,200,0
2025-04-22 07:40:00,7.353944040422762,36.55625391109895,4.598418260083025,64.30718068663386,200,0
2025-04-22 07:50:00,7.255978745571729,36.78127084983829,5.207875586909483,64.77269879452568,200,0
2025-04-22 08:00:00,7.193604120425962,37.361190678913886,4.818241753772332,61.395638826034755,200,0
2025-04-22 08:10:00,7.152222977969979,36.813583423954114,5.515813371862189,56.7937258243454,200,0
2025-04-22 08:20:00,7.119677683987121,37.8634819256167,5.597754605950436,61.27737887606542,200,0
2025-04-22 08:30:00,7.210173181793361,36.8001819071927,4.770003023664995,61.871631677422364,200,0
2025-04-22 08:40:00,7.162182462735785,37.11234236287594,4.835132859227426,59.978803560142175,200,0
2025-04-22 08:50:00,7.128887314520116,37.46629541593654,5.2578763660939405,60.96956321238351,200,0
2025-04-22 09:00:00,7.167671355787874,36.29081713353349,4.883860805063145,65.0603903977267,200,0
2025-04-22 09:10:00,7.14592259981928,36.11959559400961,4.986376634620329,63.32985432460348,200,0
2025-04-22 09:20:00,7.284357081753629,36.23717184271495,5.007616526162723,60.1508717712438,200,0
2025-04-22 09:30:00,7.244081987847473,37.631292051713594,4.424098053140703,58.80480166080913,200,0
2025-04-22 09:40:00,7.19960136793417,36.72407092705377,4.995848676171729,61.345965364780454,200,0
2025-04-22 09:50:00,7.273997206944501,38.279099642834126,4.793081667780748,61.573086441299125,200,0
2025-04-22 10:00:00,7.203868415382381,36.717876200671306,4.852063153280068,62.99239837472663,200,0
2025-04-22 10:10:00,7.156935789933587,37.09227565159852,5.433089601040645,60.92936657486468,200,0
2025-04-22 10:20:00,7.276156203863483,37.771054976283935,4.623047931716223,63.02299915072372,200,0
2025-04-22 10:30:00,7.2269455021842335,38.00304644407956,5.243961556024393,65.87030808012045,200,0
2025-04-22 10:40:00,7.148137692283678,38.0307517883182,4.916311120900457,63.631002044888525,200,0
2025-04-22 10:50:00,7.19048306609582,37.60418311529657,4.91607194945125,61.90382298533846,200,0
2025-04-22 11:00:00,7.156219087330762,37.51203126290573,5.237111568815513,61.63369905789341,200,0
2025-04-22 11:10:00,7.130860013451783,37.29626347460059,5.102015388370667,61.28665373164026,200,0
2025-04-22 11:20:00,7.246308877376582,37.389180538083316,5.171183899165859,64.3612818249043,200,0
2025-04-22 11:30:00,7.295470832023507,36.724407141835734,5.2904553981598585,60.7453731080974,200,0
2025-04-22 11:40:00,7.130071621309043,36.590900558288844,4.900607485045003,62.090445417999966,200,0
2025-04-22 11:50:00,7.228148461834529,36.99831277129452,4.816328979647675,62.10239580376217,200,0
2025-04-22 12:00:00,7.167467871543908,36.914907688737536,4.67445484203266,60.99643161437694,200,0
2025-04-22 12:10:00,7.175643730811766,36.77338597533636,4.752376841006313,59.2550689042318,200,0
2025-04-22 12:20:00,7.170380303788057,37.34819372372836,5.884728327592618,62.64594900723534,200,0
2025-04-22 12:30:00,7.156800461516009,37.477652604285254,5.373403874221036,61.87799205628923,200,0
2025-04-22 12:40:00,7.202426081397242,37.044203443145925,4.594677690137593,63.00048093887314,200,0
2025-04-22 12:50:00,7.158452494179448,37.73876504052763,4.603262612976929,60.93279938712167,200,0
2025-04-22 13:00:00,7.2135228412889925,36.42915544293325,5.144559818515548,64.4416425976261,200,0
2025-04-22 13:10:00,7.197488094527543,36.90317027036014,5.16417943921339,60.24645243757631,200,0
2025-04-22 13:20:00,7.18805259765668,36.6415888396986,5.1646651505952095,65.42408056803579,200,0
2025-04-22 13:30:00,7.1546218168979205,36.06673169146347,4.92351326193389,58.50472698034348,200,0
2025-04-22 13:40:00,7.171161433471584,36.95865965707865,4.96236372199913,62.86954012911378,200,0
2025-04-22 13:50:00,7.237769561291288,36.93912624580836,5.098363857247807,62.95086136505325,200,0
2025-04-22 14:00:00,7.225045859381219,37.75672487162107,5.025767901887999,60.40888586411823,200,0
2025-04-22 14:10:00,7.151122237760073,37.315405842277386,4.33420988817574,62.848787875722024,200,0
2025-04-22 14:20:00,7.204966615271461,36.4879065878354,4.931060110827442,64.55903733952032,200,0
2025-04-22 14:30:00,7.237569356168589,37.927046283167094,4.744578069721906,57.56636232129187,200,0
2025-04-22 14:40:00,7.1165297359439315,37.610516847762675,5.052563425672553,63.00548961498163,200,0
2025-04-22 14:50:00,7.227168009618997,37.29104885173431,5.895577700781023,57.01345835933984,200,1
2025-04-22 15:00:00,7.166868812052708,36.88675795057508,5.110244499642291,60.068670392953585,200,0
2025-04-22 15:10:00,7.228529933429658,36.52028038163826,4.905941094148281,65.2583327298019,200,0
2025-04-22 15:20:00,7.161837042172874,36.81389661196447,5.276540450593176,60.836435933215895,200,0
2025-04-22 15:30:00,7.109755894966774,37.544374309852095,5.144806366162764,59.65224007118206,200,0
2025-04-22 15:40:00,7.1186228781058425,37.9422931529673,5.126028347135552,61.60412454203064,200,0
2025-04-22 15:50:00,7.202404247333069,37.77162176413609,5.182055177964702,66.1358126763271,200,0
2025-04-22 16:00:00,7.212986125086074,36.755575289106865,5.616963069448863,58.33663550558795,200,0
2025-04-22 16:10:00,7.15478416874478,36.440191283355496,4.660733469402225,59.89738017672131,200,0
2025-04-22 16:20:00,7.2319296229388685,37.070443123455604,5.142089623043437,64.99486336635925,200,0
2025-04-22 16:30:00,7.116923996886552,36.11578031721857,4.722085661005538,65.71540468707546,200,0
2025-04-22 16:40:00,7.196696010067634,37.16158385709239,5.166653793902674,61.793137551419434,200,0
2025-04-22 16:50:00,7.139449190011877,36.92619870685066,4.724394046554171,59.521894594946716,200,0
2025-04-22 17:00:00,7.167408194609893,36.76698174906588,4.874789955918475,66.19168700361831,200,0
2025-04-22 17:10:00,7.202369933565821,36.202648466366604,4.911473025728628,65.1888847834984,200,0
2025-04-22 17:20:00,7.156979331735802,37.256800053284856,5.292745015803413,63.35789397552447,200,0
2025-04-22 17:30:00,7.180772222788509,36.73364958016904,5.275536333182724,60.37519530212516,200,0
2025-04-22 17:40:00,7.250314640460722,36.41504158214486,4.626284787066084,61.90194131832393,200,0
2025-04-22 17:50:00,7.171155406523843,35.56386889335918,5.016480233299955,61.679279837910336,200,0
2025-04-22 18:00:00,7.241784605603257,36.98624254747468,4.787126043575248,62.661702609231156,200,0
2025-04-22 18:10:00,7.1435146572671195,37.886125798334874,4.6224485267974,64.90200287626267,200,0
2025-04-22 18:20:00,7.226490208895764,37.830629607273934,4.934894884872689,63.75883408227481,200,0
2025-04-22 18:30:00,7.272078431032895,36.771451871706866,4.907455163463254,59.84524784603048,200,0
2025-04-22 18:40:00,7.076417774993636,36.69889396981911,5.728014945903657,64.75299290003908,200,1
2025-04-22 18:50:00,7.160155237226476,37.23438712803751,5.129887947608209,62.62626428002631,200,0
2025-04-22 19:00:00,7.228853606359027,36.50080728040585,4.586714749773729,63.374131591717834,200,0
2025-04-22 19:10:00,7.18984773069785,37.15089594990973,4.830567798748717,64.9330817185572,200,0
2025-04-22 19:20:00,7.218557293668566,37.383040139192346,5.30641498862882,59.7768395009729,200,0
2025-04-22 19:30:00,7.1698007406642095,37.61346661194215,5.6265328318609775,61.92834884258708,200,0
2025-04-22 19:40:00,7.204329489373645,36.949922961760024,4.5242050063286126,60.93709089728157,200,0
2025-04-22 19:50:00,7.192216138230396,36.89816312491152,4.436022684458287,58.86428114926909,200,0
2025-04-22 20:00:00,7.25838910308299,36.56100870662172,5.561289552611535,62.69341995520984,200,0
2025-04-22 20:10:00,7.212721042165061,36.58655982298007,5.116884253211271,67.02311310316885,200,0
2025-04-22 20:20:00,7.216880133103761,36.88676055404924,4.73951218043709,58.319844510988496,200,0
2025-04-22 20:30:00,7.179406151693877,37.18368275340809,5.1603887258367305,61.93543877790106,200,0
2025-04-22 20:40:00,7.175619688796376,37.45679231311662,4.2092756782949365,63.281085870149546,200,0
2025-04-22 20:50:00,7.178372090609019,36.598410524659826,5.001012651979148,62.24615640331236,200,0
2025-04-22 21:00:00,7.219722607118915,37.74634428447976,5.098346351852926,61.77374389496852,200,0
2025-04-22 21:10:00,7.178950775958987,36.86443819947871,5.2772810418613485,59.40156727310835,200,0
2025-04-22 21:20:00,7.214488742844821,36.98931635282578,4.695831214312239,62.46557348588033,200,0
2025-04-22 21:30:00,7.303770039932272,36.62639416042609,5.0257061484210075,60.48647204596815,200,0
2025-04-22 21:40:00,7.243556235171585,35.78787986986353,4.722372612182124,57.620156590042896,200,0
2025-04-22 21:50:00,7.183698823391608,37.44202269818052,5.076615126702295,64.38918444102747,200,0
2025-04-22 22:00:00,7.260060696108197,37.368421948546214,4.731396103291093,63.916771639684086,200,0
2025-04-22 22:10:00,7.179596231348922,36.85933622144089,4.877569748251934,62.10332195370216,200,0
2025-04-22 22:20:00,7.098093773241107,37.033495358612434,4.701255381562931,62.458149376411406,200,0
2025-04-22 22:30:00,7.14959568445413,37.25796960885205,5.1953408725470975,64.14863602543112,200,0
2025-04-22 22:40:00,7.106460403948708,36.21872707155673,5.257535334997,62.44867931355616,200,0
2025-04-22 22:50:00,7.1824243257979346,36.73547366132685,4.929613829012776,63.80803510952263,200,0
2025-04-22 23:00:00,7.200920918959477,37.397132339810916,5.011471398488008,61.4050355982523,200,0
2025-04-22 23:10:00,7.283821865613764,36.37285528841537,4.5654225756099365,64.62396747714789,200,0
2025-04-22 23:20:00,7.216346368688209,37.14677896608332,4.910097005597964,62.64157145186537,200,0
2025-04-22 23:30:00,7.189044973559557,36.3217090976883,4.984938614887477,62.38810388721175,200,0
2025-04-22 23:40:00,7.2414702790591745,37.23321499121676,5.786237927308992,59.45987782257593,200,0
2025-04-22 23:50:00,7.089443234549606,36.98217925885126,4.666409892267751,62.57391170860342,200,0
2025-04-23 00:00:00,7.2117807279054285,36.19243409204724,5.439253171625731,60.3360901650111,200,0
2025-04-23 00:10:00,7.238543259694349,37.582369677228584,5.299057632039743,60.72343454694301,200,0
2025-04-23 00:20:00,7.1260706877110085,36.632704211600974,5.084190921347041,60.369248743367756,200,0
2025-04-23 00:30:00,7.257187702160347,36.59487378149281,5.52758614525854,59.86753013620155,200,0
2025-04-23 00:40:00,7.216924820374721,37.100284598615474,5.111631641782059,66.24954280603393,200,0
2025-04-23 00:50:00,7.17923560430496,37.574318674714355,5.116747758700378,64.6626781239768,200,0
2025-04-23 01:00:00,7.231639093305314,36.4920890905108,4.9840638040947365,65.84073500428852,200,0
2025-04-23 01:10:00,7.31353464289022,37.03083992492399,5.367070664725588,59.55420996088887,200,0
2025-04-23 01:20:00,7.209093312752925,37.214408250165285,5.328940770143265,62.14250749982178,200,0
2025-04-23 01:30:00,7.2124110293150165,37.346552803631575,4.812296813751137,59.41298474959181,200,0
2025-04-23 01:40:00,7.177031955022988,37.08822077763861,4.604225841620369,60.608610245605874,200,0
2025-04-23 01:50:00,7.1575077815267605,36.81648608045834,4.939105808781303,60.16374603316685,200,0
2025-04-23 02:00:00,7.2415167908272124,36.58620488967564,4.759988430680706,64.47916801288312,200,0
2025-04-23 02:10:00,7.157195808704556,37.04307194152319,4.980942627615393,61.20754064379648,200,0
2025-04-23 02:20:00,7.20357831186097,36.463930494007194,5.371231440405242,64.13675866738804,200,0
2025-04-23 02:30:00,7.176117127661744,35.5393247582527,4.862809503473963,63.20824177917704,200,0
2025-04-23 02:40:00,7.22394899128732,37.218279902078834,2.2250233651562032,66.60727750420958,200,1
2025-04-23 02:50:00,7.216683105264347,37.4519674205431,5.017406820442519,59.041111553720555,200,0
2025-04-23 03:00:00,7.251876997212895,35.81853378222908,5.254529264661586,64.5184664795736,200,0
2025-04-23 03:10:00,7.174499180057262,36.49513464764503,4.325933199804618,64.29288174080145,200,0
2025-04-23 03:20:00,7.186506253235332,37.309577130502596,4.817989911570411,60.05324232394593,200,0
2025-04-23 03:30:00,7.151061814210885,38.02874773485585,5.063385107683842,64.01426667294632,200,0
2025-04-23 03:40:00,7.177785336996195,37.010396853837705,5.360023686928058,62.67228992605246,200,0
2025-04-23 03:50:00,7.218865024652243,36.63599852938543,4.852429265748138,61.54504748009318,200,0
2025-04-23 04:00:00,7.237849430832267,36.90855177944758,4.437034188187438,60.352129026056,200,0
2025-04-23 04:10:00,7.153891733791119,37.68743820957409,5.185913433789841,60.56178109710163,200,0
2025-04-23 04:20:00,7.243480296005283,36.67701791043773,4.809391283352311,66.09962419157185,200,0
2025-04-23 04:30:00,7.267781892940247,36.60040399667487,4.643100002272892,62.001365637914965,200,0
2025-04-23 04:40:00,7.2206717451611855,36.75862823890898,4.812696383086033,63.56426000306292,200,0
2025-04-23 04:50:00,7.293839790627904,36.52333569587064,4.944642392703245,60.41820123666489,200,0
2025-04-23 05:00:00,7.161310540044822,37.0613351579974,4.818576600638536,60.440294107556724,200,0
2025-04-23 05:10:00,7.137767264834429,37.81233922923478,4.338330182870279,64.16396961849989,200,0
2025-04-23 05:20:00,7.111063987554786,37.16153963655801,5.26911985906614,59.300847576896935,200,0
2025-04-23 05:30:00,7.274802215574459,36.87382324893686,5.382462512383617,61.16957246418946,200,0
2025-04-23 05:40:00,7.232718282817703,36.85409436554223,5.195456597401852,62.06805482214446,200,0
2025-04-23 05:50:00,7.197220766454477,36.21840459565167,4.658694298872555,62.222745203680105,200,0
2025-04-23 06:00:00,7.213998431315991,37.44155488857358,4.939552539815745,61.64181342996769,200,0
2025-04-23 06:10:00,7.143725547635081,36.9610814014936,4.998043605431163,62.79163956219185,200,0
2025-04-23 06:20:00,7.322287598980841,36.909760043204685,5.179638316868573,63.38571151163562,200,0
2025-04-23 06:30:00,7.2064610590987614,38.59655378392243,5.200502146615424,63.46927509091866,200,0
2025-04-23 06:40:00,7.205469739730245,37.14937645418284,4.779747860366451,60.02839238266435,200,0
2025-04-23 06:50:00,7.236288331194935,36.62410447495241,5.024598666924068,61.43168980414241,200,0
2025-04-23 07:00:00,7.2240504615868355,36.786821201897226,5.137184121384572,64.38952572375388,200,0
2025-04-23 07:10:00,7.2111942012139565,37.574222854598375,5.43674669664403,63.78929437514775,200,0
2025-04-23 07:20:00,7.160476277227734,37.05663520526888,5.211351961947417,59.254281097037875,200,0
2025-04-23 07:30:00,7.2235734178568,36.28086101084131,5.236717006212656,62.702959800704406,200,0
2025-04-23 07:40:00,7.294101224823752,37.4596144672876,5.025147988378809,58.04354950125038,200,0
2025-04-23 07:50:00,7.267271002307749,36.6659279572305,5.4231377435610515,62.093869804120736,200,0
2025-04-23 08:00:00,7.27965933133197,37.93664888810877,5.122928838787849,65.79553403349195,200,0
2025-04-23 08:10:00,7.174439216178441,37.540024032857325,4.741673626947929,60.10421456546203,200,0
2025-04-23 08:20:00,7.1505197589870715,36.77633905217063,5.421010991037557,60.33135390901683,200,0
2025-04-23 08:30:00,7.1937106539950175,37.640508180867556,5.209370981761708,63.52805956314572,200,0
2025-04-23 08:40:00,7.202786245614435,37.033927755263704,4.867086793661455,58.91439696958071,200,0
2025-04-23 08:50:00,7.254709575923548,37.42638683756111,4.856152109780227,60.73448994022992,200,0
2025-04-23 09:00:00,7.115376768514259,37.242366408647236,5.088972663542228,63.192882275163505,200,0
2025-04-23 09:10:00,7.276477515973031,36.576821672504565,5.138955438580275,60.7314283046212,200,0
2025-04-23 09:20:00,7.192099605071051,36.67822508384127,5.059187679689362,61.52806002557806,200,0
2025-04-23 09:30:00,7.178655946502629,37.51498040879058,5.093392602032865,63.48837142063007,200,0
2025-04-23 09:40:00,7.149394781236992,36.83261233394673,5.5099872123729146,62.843092167073124,200,0
2025-04-23 09:50:00,7.117257166406712,36.798175768379004,5.321462945670466,62.533636792590805,200,0
2025-04-23 10:00:00,7.2411585291980956,36.522438710325325,5.0571906773795074,61.32175544145992,200,0
2025-04-23 10:10:00,7.203665898359421,37.21179953279673,5.282393174230245,62.740122230537914,200,0
2025-04-23 10:20:00,7.1355019550129475,38.03126245962157,4.690242828941738,61.75253463980049,200,0
2025-04-23 10:30:00,7.13524606139682,36.466233542872864,5.119378114984043,62.91561121985157,200,0
2025-04-23 10:40:00,7.1832107650354935,37.01210972833638,5.542791904919933,61.006135949764044,200,0
2025-04-23 10:50:00,7.28345107626447,37.706110277707715,4.934586231382288,61.634862051240916,200,0
2025-04-23 11:00:00,7.18702043243182,36.96017930437714,4.745709821414275,60.02008441489597,200,0
2025-04-23 11:10:00,7.124842852344095,37.22618589812487,4.804373333422082,61.92998477998753,200,0
2025-04-23 11:20:00,7.187712846795703,36.46880323592656,4.673110088797284,60.37799827274231,200,0
2025-04-23 11:30:00,7.186363821512616,37.214153548603825,4.764571427561689,59.771907099676014,200,0
2025-04-23 11:40:00,7.065155667852921,36.906427867497726,4.888847570422992,62.51732229571078,200,0
2025-04-23 11:50:00,7.1972852566741095,37.49286499783993,4.578329894246408,62.42547955171532,200,0
2025-04-23 12:00:00,7.188453273489566,37.59369302578238,5.004685500184881,63.56574746989715,200,0
2025-04-23 12:10:00,7.234810318240671,38.29478182100931,5.2706831521359945,61.137748860849804,200,0
2025-04-23 12:20:00,7.292447804747267,37.28981658660679,4.727673145955924,62.816105693673514,200,0
2025-04-23 12:30:00,7.256328251477388,37.162898158291085,5.4557851770925305,63.101595144547325,200,0
2025-04-23 12:40:00,7.186555565472259,37.097192150788665,5.153237626558278,62.88954761566319,200,0
2025-04-23 12:50:00,7.1446737045629165,36.82341685359466,5.309174175687217,60.34869263439572,200,0
2025-04-23 13:00:00,7.328667990162494,37.169241921730844,4.802649633844359,62.298726964542375,200,0
2025-04-23 13:10:00,7.202960921700725,36.85229929493048,5.256357568119984,62.72828059210932,200,0
2025-04-23 13:20:00,7.200696464595647,37.08423048813481,4.672419829881406,62.01435693381588,200,0
2025-04-23 13:30:00,7.1987937456445,37.65879876780398,5.267074250250952,57.82704468325783,200,0
2025-04-23 13:40:00,7.209904238038393,36.49672871736018,5.051551801938059,62.32097924794696,200,0
2025-04-23 13:50:00,7.1927819794038035,37.569939280564526,5.165975365995435,66.42506207879448,200,0
2025-04-23 14:00:00,7.171316899655988,37.658557533669935,4.647321618312544,61.27992146248604,200,0
2025-04-23 14:10:00,7.17265705293798,36.94096573650446,4.731479047317019,60.543845804289354,200,0
2025-04-23 14:20:00,7.1983623364892,35.9390725504957,5.179168465476016,62.7466971194228,200,0
2025-04-23 14:30:00,7.172828761443312,36.69608900645278,4.71549559873274,62.624756420933146,200,0
2025-04-23 14:40:00,7.164357710866142,37.648497273280555,5.138961887629737,64.38547033083283,200,0
2025-04-23 14:50:00,7.205321511384595,36.98856596885056,4.589858658061926,59.484263688182224,200,0
2025-04-23 15:00:00,7.187251139128957,36.500348883852546,5.2544522638,63.46276050514999,200,0
2025-04-23 15:10:00,7.275199649429134,36.74761253938589,4.630243005569447,63.180844122502926,200,0
2025-04-23 15:20:00,7.06745150958035,37.420310013252276,5.165689981303857,61.715706926118905,200,0
2025-04-23 15:30:00,7.254575342596123,37.27336678410069,5.1876892800938,62.67737463584338,200,0
2025-04-23 15:40:00,7.262304259624882,36.880533950415156,4.790968454471128,64.05891496319671,200,0
2025-04-23 15:50:00,7.096330488379593,36.816587794092655,5.174607970125418,63.7446307600569,200,0
2025-04-23 16:00:00,7.182865620295983,36.80412092547809,5.078132679000067,59.71396137585254,200,0
2025-04-23 16:10:00,7.181427956700211,36.53879490775075,4.838347443142179,63.64031637351097,200,0
2025-04-23 16:20:00,7.129624415264109,37.80768784473472,4.697433594777138,61.87062278993496,200,0
2025-04-23 16:30:00,7.161109165620457,36.83883976539433,4.411212292498226,62.14574819603103,200,0
2025-04-23 16:40:00,7.144471207726709,37.608579260412746,5.104895014189908,62.14639398200339,200,0
2025-04-23 16:50:00,7.287613522171181,37.76065802596123,4.530559168591384,61.69951402240348,200,0
2025-04-23 17:00:00,7.246783919657373,37.49915544907398,5.028603259832392,64.38341499421414,200,0
2025-04-23 17:10:00,7.263577754749708,36.78418984364097,4.920965535175325,61.83256408030157,200,0
2025-04-23 17:20:00,7.236083603202162,37.201865045168304,5.203742832631459,59.76090774323366,200,0
2025-04-23 17:30:00,7.143547411439139,36.98790219680454,4.90938635015304,61.212940288060544,200,0
2025-04-23 17:40:00,7.173773986686012,36.54814906963494,4.901165664095872,62.35738943362095,200,0
2025-04-23 17:50:00,7.224468728061396,37.1621796408608,5.219561211286488,64.4584295685941,200,0
2025-04-23 18:00:00,7.138893609555403,36.410480104420095,5.100517408725235,63.206189369897665,200,0
2025-04-23 18:10:00,7.235649921508619,37.59383969423078,5.094846787154833,60.29892944250591,200,0
2025-04-23 18:20:00,7.1879837300920935,36.767691351350805,5.140780276942558,66.97037983335778,200,0
2025-04-23 18:30:00,7.181258959622521,37.10057982793642,4.5393283630378685,62.52955062195596,200,0
2025-04-23 18:40:00,7.2355479984101745,37.14164393577307,5.227036603996095,64.55078147599804,200,0
2025-04-23 18:50:00,7.222213165574302,36.87054751314796,5.183740638204081,61.69657113284554,200,0
2025-04-23 19:00:00,7.181951691709046,37.29334690073764,4.694995061427051,63.066718489410896,200,0
2025-04-23 19:10:00,7.257966490168212,36.762548171688735,4.92677585789774,63.67893700903681,200,0
2025-04-23 19:20:00,7.145946833620005,37.43564864872862,4.9882078137117105,64.43638942350852,200,0
2025-04-23 19:30:00,7.230796780347213,36.32701015987663,4.95965096467948,64.11473661075645,200,0
2025-04-23 19:40:00,7.229655062898419,37.063189789773205,5.10015798997056,63.74439400014595,200,0
2025-04-23 19:50:00,7.184522678034301,37.969464499529145,5.429410034549355,61.369826537611786,200,0
2025-04-23 20:00:00,7.216306651112106,36.499834337697216,5.324530018301848,60.85650791608788,200,0
2025-04-23 20:10:00,7.137444321180735,36.66112751473757,4.606334241970578,62.6652150206484,200,0
2025-04-23 20:20:00,7.246201350960345,37.25695392482946,5.186620997091815,63.86625614468214,200,0
2025-04-23 20:30:00,7.190754893177851,37.0897908909698,5.398679995860623,61.55455859844679,200,0
2025-04-23 20:40:00,7.173863848974048,37.17531504963678,5.116042556206761,64.13034393142877,200,0
2025-04-23 20:50:00,7.252450461291844,37.244593565073835,5.32729412755579,64.90523349097236,200,0
2025-04-23 21:00:00,7.164782815472862,37.31736073428088,5.6036811337102295,60.16735816185316,200,0
2025-04-23 21:10:00,7.129576935181822,37.554849920978114,5.307112863832095,60.32615859240744,200,0
2025-04-23 21:20:00,7.122168541323805,37.204909328464254,5.074792578692518,61.719249882189324,200,0
2025-04-23 21:30:00,7.230300497567282,36.87937117269073,5.313526542225426,62.615225336378394,200,0
2025-04-23 21:40:00,7.135978532375186,37.33628685060137,5.0434663499290675,60.9508659724659,200,0
2025-04-23 21:50:00,7.287739709099219,37.94994096744761,5.007170912985487,64.70440535773429,200,0
2025-04-23 22:00:00,7.095903529605814,36.93368312680872,4.89457572928588,62.8481337230369,200,0
2025-04-23 22:10:00,7.2848228184145025,36.51273534766468,5.469024007649632,62.07889409648148,200,0
2025-04-23 22:20:00,7.210550873360131,37.553540334643486,4.754471400217399,59.128180952262944,200,0
2025-04-23 22:30:00,7.19516434440648,36.9398094180232,5.4597103174034345,59.36836836714499,200,0
2025-04-23 22:40:00,7.172754045659553,35.91366522699298,5.149959237122111,62.56201850056361,200,0
2025-04-23 22:50:00,7.219956805717604,37.42371083857521,4.580208147559418,57.73480874769033,200,0
2025-04-23 23:00:00,7.198118264878758,36.732335907023035,5.110294787897426,64.02527481928814,200,0
2025-04-23 23:10:00,7.2551650941008266,36.95473335884792,4.369992047704513,61.683692311255356,200,0
2025-04-23 23:20:00,7.205711382433102,37.165990165284505,5.1876524050493105,68.48618593918947,200,0
2025-04-23 23:30:00,7.2075150880730945,37.09524983988953,5.265569444896697,66.61583250123222,200,0
2025-04-23 23:40:00,7.181819389389307,37.35472590856952,4.822293213304384,61.637101861504966,200,0
2025-04-23 23:50:00,7.197152718813947,36.782256814715076,5.037064308786674,61.78732599493737,200,0
2025-04-24 00:00:00,7.215390088444603,37.25655289908804,5.586247230125085,63.99116302800406,200,0
2025-04-24 00:10:00,7.114491580367169,36.870226661208044,4.848275988721419,65.40634521983607,200,0
2025-04-24 00:20:00,7.132590728894715,37.369405240443754,4.68232772388302,58.723941885127964,200,0
2025-04-24 00:30:00,7.237163204701136,37.307683742006525,5.44449902073878,58.427249069290625,200,0
2025-04-24 00:40:00,7.2085432719063975,36.532280648977704,5.588776157159239,60.75593038889124,200,0
2025-04-24 00:50:00,7.190800833182366,37.542991058087516,5.0011087015543545,63.165475166347726,200,0
2025-04-24 01:00:00,7.200921696653269,36.732018277442975,5.303438910622507,62.993747181015195,200,0
2025-04-24 01:10:00,7.2173790852680835,37.40402889914057,5.4024427746592645,64.1395429099677,200,0
2025-04-24 01:20:00,7.173012015984532,37.18364365670067,4.777254730238485,59.60060494326938,200,0
2025-04-24 01:30:00,7.1610847637298845,37.91909183839756,4.85440824938964,57.36771227406225,200,0
2025-04-24 01:40:00,7.209792262754884,36.888267008814076,5.369262353946421,63.71602839060429,200,0
2025-04-24 01:50:00,7.151081361119249,36.8253416019409,5.505504283612553,60.34360745406953,200,0
2025-04-24 02:00:00,7.220412637785723,36.99029019705613,5.168864258052307,57.96302427122272,200,0
2025-04-24 02:10:00,7.114870819788108,36.84841010858286,4.736055693949384,62.29012749191876,200,0
2025-04-24 02:20:00,7.251457781866282,37.399970950971024,5.596118333509832,63.58635137643736,200,0
2025-04-24 02:30:00,7.223629874120652,29.878549530817317,4.84070873065641,61.755885735757445,200,0
2025-04-24 02:40:00,7.212801486715694,36.47315879042682,4.899458665648565,61.08430322763502,200,0
2025-04-24 02:50:00,7.249134549197276,36.46609853921041,5.102701350346886,61.68127553570819,200,0
2025-04-24 03:00:00,7.283273722223129,37.475153795986785,5.466248126214432,61.258834475198434,200,0
2025-04-24 03:10:00,7.250718503250907,37.855306686290966,5.256192792965667,59.30390577611966,200,0
2025-04-24 03:20:00,7.107956288433418,36.947775390731266,5.124459650108573,60.570638646019134,200,0
2025-04-24 03:30:00,7.136021151663215,36.915589138405,5.138986559035432,63.042559810027626,200,0
2025-04-24 03:40:00,7.1687590711152165,37.03502608155659,5.01305440059304,62.643357082753,200,0
2025-04-24 03:50:00,7.201304552510542,37.580939151304094,2.2312652901890466,62.33611961193364,200,1
2025-04-24 04:00:00,7.225882951023456,36.536323432904716,4.241131976691709,60.00970303629324,200,0
2025-04-24 04:10:00,7.163712809342327,37.11918449136739,4.9110177622790605,61.63699367572867,200,0
2025-04-24 04:20:00,7.209338338223854,37.487598814891214,5.072396580475035,57.64586990711429,200,0
2025-04-24 04:30:00,7.162230853382334,37.250547084969924,4.654695774914148,62.35695332777078,200,0
2025-04-24 04:40:00,7.169424109850403,37.09479080829937,5.115896995343468,64.85771541562714,200,0
2025-04-24 04:50:00,7.129666945157589,37.50052304628357,4.938658633704163,59.05173573591579,200,0
2025-04-24 05:00:00,7.153838337694455,35.648383853500384,5.526642709494647,60.82814465336449,200,0
2025-04-24 05:10:00,7.1324157697191835,37.338937659765456,5.471905917564457,62.65821355742026,200,0
2025-04-24 05:20:00,7.151206337351134,36.672962158436285,4.860258329264552,64.50568526885496,200,0
2025-04-24 05:30:00,7.252682089830392,36.08468355157177,4.9547486865299915,61.1035507673997,200,0
2025-04-24 05:40:00,7.152530055558403,37.25560129976249,4.977815730317483,60.61549934146821,200,0
2025-04-24 05:50:00,7.33161910324187,37.68682927258148,4.864502157152113,58.06215371516783,200,0
2025-04-24 06:00:00,7.224665895044045,36.931275742686154,5.058507495208438,62.20687625861621,200,0
2025-04-24 06:10:00,7.209241806184744,37.47643727360147,4.772515379333723,66.08415208028748,200,0
2025-04-24 06:20:00,7.15708211099094,37.806139128994324,4.660815399518742,62.554716923929355,200,0
2025-04-24 06:30:00,7.23501549397045,37.657457226792026,5.186813367170081,61.95544204163257,200,0
2025-04-24 06:40:00,7.1712181086881115,37.8199822646857,5.188858875266543,62.644164621533974,200,0
2025-04-24 06:50:00,7.206100490732268,37.37106374553595,4.758705272102002,61.9778159921028,200,0
2025-04-24 07:00:00,7.32800422691344,37.03771681945079,5.268606629228779,60.37397125547974,200,0
2025-04-24 07:10:00,7.1951970050137675,36.19901709405141,4.8105266812504,63.64655983135541,200,0
2025-04-24 07:20:00,7.257463666314284,36.876968755935025,5.075949571411394,62.45152304622351,200,0
2025-04-24 07:30:00,7.164841178743706,36.578376702341906,5.246103203783737,62.035226503867314,200,0
2025-04-24 07:40:00,7.198250575475152,38.085471358748904,4.989916230588886,60.0492679454435,200,0
2025-04-24 07:50:00,7.288540031781776,36.91205709378383,5.13642227364234,64.60701586386952,200,0
2025-04-24 08:00:00,6.215518289203238,37.06160240339224,4.845071106833728,63.32940549066622,200,1
2025-04-24 08:10:00,7.290622427899847,37.27574268802023,4.941060024971571,60.894158325265394,200,0
2025-04-24 08:20:00,7.235387596772774,37.02180122318623,4.938242170735898,64.00364970736388,200,0
2025-04-24 08:30:00,7.171876661205287,37.84752552021538,4.776026496037928,61.004858323229584,200,0
2025-04-24 08:40:00,7.231620386952776,36.68867531913278,4.946967751065265,60.435993014977925,200,0
2025-04-24 08:50:00,7.248627722481337,37.09730372761862,4.535414510340876,60.48059376503942,200,0
2025-04-24 09:00:00,7.23109049811086,36.62876470715098,4.852653875857369,58.457862893823815,200,0
2025-04-24 09:10:00,7.121488764005477,36.33998874438965,4.9145373519890985,62.94308476083641,200,0
2025-04-24 09:20:00,7.163643141208757,36.69411545454736,4.923146074251386,58.3377102433233,200,0
2025-04-24 09:30:00,7.187624068222425,36.98148160147579,4.927550766238767,59.54311233746847,200,0
2025-04-24 09:40:00,7.196278328544998,36.78534888774137,4.981470740041961,57.84882398184293,200,0
2025-04-24 09:50:00,7.231033604877534,36.65378951006307,5.1438324554258195,61.82786061441821,200,0
2025-04-24 10:00:00,7.208885050046663,36.29684126816408,5.262355122239756,61.69935907945626,200,0
2025-04-24 10:10:00,7.133232782064495,36.95844721368565,4.80507043194552,61.346607573627274,200,0
2025-04-24 10:20:00,7.219009892550298,36.2476398129845,4.639039743383257,59.91484461065885,200,0
2025-04-24 10:30:00,7.230529287264192,37.380027981844805,4.687386676327069,59.65553249312672,200,0
2025-04-24 10:40:00,7.227989522396552,37.04121987646725,4.853839123641522,62.928739727093145,200,0
2025-04-24 10:50:00,7.254039036277732,36.27122425026754,4.8944236046550476,60.898896136583026,200,0
2025-04-24 11:00:00,7.241696107727446,36.84539546147507,4.769001180140763,62.63271664307229,200,0
2025-04-24 11:10:00,7.222959003961422,36.62392179720471,4.611165000725031,60.22950262775156,200,0
2025-04-24 11:20:00,7.196491714427068,37.15958725520959,4.863163751757743,62.362125485542165,200,0
2025-04-24 11:30:00,7.1169519533242,37.67022522301157,5.054427986034192,64.60655607463212,200,0
2025-04-24 11:40:00,7.22148091095663,36.062413765177126,5.17850883975067,63.17233160078557,200,0
2025-04-24 11:50:00,7.210384384358155,37.057513039573706,4.832773084067504,61.175172363567036,200,0
2025-04-24 12:00:00,7.213578941859769,36.91993360221668,4.8761006533569695,62.51439794071185,200,0
2025-04-24 12:10:00,7.136162571208985,37.33567003822523,4.721990507345807,61.51866965093957,200,0
2025-04-24 12:20:00,7.145947172979587,37.10659831411884,4.990568248887567,62.015760369389454,200,0
2025-04-24 12:30:00,7.252657642666645,36.62401533413059,4.7454714097427555,61.348777895702995,200,0
2025-04-24 12:40:00,7.198022242307167,36.84047303216669,5.17193834397236,61.67132958822922,200,0
2025-04-24 12:50:00,7.234075034868631,36.60198707159825,4.4642400524197665,62.42418670614835,200,0
2025-04-24 13:00:00,7.201415918806523,37.5380035692993,4.8921110982642615,60.0132826008361,200,0
2025-04-24 13:10:00,7.201487806974788,37.01065582433597,5.090332201757523,59.96824234602004,200,0
2025-04-24 13:20:00,7.2469141902988,37.950595342876504,5.055150354896751,59.22291489233758,200,0
2025-04-24 13:30:00,7.174197763589132,36.96966959309269,5.807910099194149,58.79945779099258,200,0
2025-04-24 13:40:00,7.20480603884705,36.64579661654477,5.104940007370372,59.56543461555904,200,0
2025-04-24 13:50:00,7.176886235564748,36.24314280369359,4.698783620947397,62.31892501360826,200,0
2025-04-24 14:00:00,7.178275188628384,36.09843016187203,4.971360725873278,60.214424969016235,200,0
2025-04-24 14:10:00,7.184541393826568,36.207932028497254,4.467126099960065,63.02722892846219,200,0
2025-04-24 14:20:00,7.211106688581686,37.13356332550574,4.975820075210971,62.069427497505124,200,0
2025-04-24 14:30:00,7.1760625689168265,37.254362511614964,4.750083182899773,58.062991573123895,200,0
2025-04-24 14:40:00,7.262787806278676,36.209404648983934,5.2746170826680485,63.309951168443376,200,0
2025-04-24 14:50:00,7.155269634889025,37.44751915703806,4.835137917621339,63.62159729118342,200,0
2025-04-24 15:00:00,7.190656417791932,36.75846947415828,4.964970225261426,60.01227465033029,200,0
2025-04-24 15:10:00,7.1780134470862915,37.073396505992775,4.809332647578679,62.84038308578998,200,0
2025-04-24 15:20:00,7.272348894217687,37.806110314127714,5.521655405555999,60.2870035251816,200,0
2025-04-24 15:30:00,7.209827738825579,37.44841965793277,4.903627170164627,62.19534075349667,200,0
2025-04-24 15:40:00,7.251592226973432,36.86573467604708,5.54976711304376,59.471003186090066,200,0
2025-04-24 15:50:00,7.125721981348152,36.55440388729236,5.24424552863548,58.413787094930846,200,0
2025-04-24 16:00:00,7.213352513293463,35.92409229933535,5.144620018200616,61.234365620774064,200,0
2025-04-24 16:10:00,7.244481539781172,36.64042334037879,5.110619944195256,61.752542107450324,200,0
2025-04-24 16:20:00,7.204114199463771,36.894434880586154,2.807768300356755,61.204640612770795,200,0
2025-04-24 16:30:00,7.253274018753268,36.50641023642441,4.421698226196317,59.63193888355488,200,0
2025-04-24 16:40:00,7.174135577494981,36.93437151645385,4.9163349817547735,61.200201875737726,200,0
2025-04-24 16:50:00,7.270467372009279,37.03842594147938,5.253547391355297,62.53858950516147,200,0
2025-04-24 17:00:00,7.314944906180963,36.88757200909596,4.985330844957768,61.910213939754925,200,0
2025-04-24 17:10:00,7.181858071978017,36.67499870958827,4.578443045958927,62.365002061198425,200,0
2025-04-24 17:20:00,7.177724873929962,37.08432733598336,4.984278664826759,60.65976959909153,200,0
2025-04-24 17:30:00,7.272669223855885,37.2209703247847,5.511231654876648,64.34343582943232,200,0
2025-04-24 17:40:00,7.278978607286536,36.45480046127858,5.374067514660416,59.64765332689044,200,0
2025-04-24 17:50:00,7.173856998642337,37.705466189873135,4.981398797190191,62.97512059417344,200,0
2025-04-24 18:00:00,7.1789906591452075,36.95070593385787,5.2854347831174255,64.36378218591992,200,0
2025-04-24 18:10:00,7.185910769556974,37.00942481147242,4.890047893889585,62.96181618549779,200,0
2025-04-24 18:20:00,7.132777474448286,37.35410721162828,4.488838523951984,61.59495154587034,200,0
2025-04-24 18:30:00,7.15406740267579,37.11660806563175,4.722660203561134,60.943405906674045,200,0
2025-04-24 18:40:00,7.1497929616623965,37.47656831695662,5.468866630552459,64.07217530209252,200,0
2025-04-24 18:50:00,7.161610121744793,37.143562082600916,4.917802075451209,59.15405014947665,200,0
2025-04-24 19:00:00,7.198265755630661,36.69378131267978,4.926984806187495,60.05975147924071,200,0
2025-04-24 19:10:00,7.211710736626826,37.18075176260305,4.910048541117535,61.204884469016555,200,0
2025-04-24 19:20:00,7.277525024640704,36.428136896339666,5.571240976871902,64.475307515024,200,0
2025-04-24 19:30:00,7.150082297963061,37.054279852888264,5.487787674608619,62.75953527208179,200,0
2025-04-24 19:40:00,7.24921611992383,36.98338500467777,5.66563407003444,60.06390848297951,200,0
2025-04-24 19:50:00,7.189300557788725,36.89594157136373,4.952286436879985,61.37938458923019,200,0
2025-04-24 20:00:00,7.197526814517379,36.93573124428053,5.088687346624129,60.771353711807414,200,0
2025-04-24 20:10:00,7.23374097460833,36.05907547725118,4.545007235173763,60.58042201553293,200,0
2025-04-24 20:20:00,7.143863898921885,36.72563754612952,5.4430803278354825,63.95777911711356,200,0
2025-04-24 20:30:00,7.219120487309203,37.04642245057056,4.649666134619619,59.256513741472986,200,0
2025-04-24 20:40:00,7.208322610410653,37.0799281959987,5.065032669128788,65.21756171146875,200,0
2025-04-24 20:50:00,7.224622563200407,36.48616242953702,4.670809241710147,63.65645938036925,200,0
2025-04-24 21:00:00,7.214458432195391,37.63285392043235,4.823339951978391,64.1817233412074,200,0
2025-04-24 21:10:00,7.322765006995545,36.56691257589275,4.74882127068509,61.074120975949484,200,0
2025-04-24 21:20:00,7.168113000787434,37.48472860026337,4.817637421797254,61.700118561841784,200,0
2025-04-24 21:30:00,7.1734501522499095,37.21359718093584,4.838263189055306,59.133696370950574,200,0
2025-04-24 21:40:00,7.168842973678762,36.676886345078096,4.8355193615224765,60.950675185866395,200,0
2025-04-24 21:50:00,7.172226144041987,37.887655446304755,5.250000173534092,62.9873096952863,200,0
2025-04-24 22:00:00,7.168130643634674,36.40318158412176,4.668541162081244,64.59212612356279,200,0
2025-04-24 22:10:00,7.259450826555378,37.459577086805,5.06616242810416,59.7856863663951,200,0
2025-04-24 22:20:00,7.2710252123994925,37.50029115902149,5.365387745691668,61.26898812602947,200,0
2025-04-24 22:30:00,7.171462685312527,36.66468989546168,4.846041090645981,61.69740155953495,200,0
2025-04-24 22:40:00,7.158382221344789,37.696232650032165,4.78462433277572,59.20842159561503,200,0
2025-04-24 22:50:00,7.2235707778193206,36.874976742700525,4.930842612445924,63.1826984835168,200,0
2025-04-24 23:00:00,7.172388847785951,37.14434681463993,5.353917562508213,60.55201933651478,200,0
2025-04-24 23:10:00,7.231646590887776,37.13016091938561,5.058232289286007,61.60921929764595,200,0
2025-04-24 23:20:00,7.210146151042565,36.932845629264726,4.84063571161772,61.09610125617625,200,0
2025-04-24 23:30:00,7.1242127942501385,37.40540413657989,5.1451629953564115,60.421322988560654,200,0
2025-04-24 23:40:00,7.277375260066504,37.39674436027611,4.669312355049073,61.98591002903889,200,0
2025-04-24 23:50:00,7.289793883654776,36.12573401338091,5.204407853132884,61.56878084286396,200,0
2025-04-25 00:00:00,7.169360565475781,37.65217012143908,5.122582192310531,61.25628423544267,200,0
2025-04-25 00:10:00,7.180614922003201,36.168754005982166,4.907657458658335,60.543076756639316,200,0
2025-04-25 00:20:00,7.214293269536245,37.51627310217083,4.748424260465831,62.63904934156591,200,0
2025-04-25 00:30:00,7.216722839499352,37.56335256841379,4.733995723314963,65.30723453698457,200,0
2025-04-25 00:40:00,7.2329272136336415,36.4545167848924,5.160445200903773,62.27977446567825,200,0
2025-04-25 00:50:00,7.300510226938318,36.79459285602271,5.368694150746719,63.992236429822256,200,0
2025-04-25 01:00:00,7.191152638625297,36.44714766575703,4.808807675891361,59.21955614969308,200,0
2025-04-25 01:10:00,7.160085137773078,36.89253948485563,5.137516011065445,62.31552287858754,200,0
2025-04-25 01:20:00,7.131034038599274,36.84598285790713,4.37389189441938,59.805263362057865,200,0
2025-04-25 01:30:00,7.163453498002904,37.38983026613467,4.82461468080284,59.0461501449362,200,0
2025-04-25 01:40:00,7.198343651356311,37.6551543730598,4.990682320138729,60.52125718508193,200,0
2025-04-25 01:50:00,7.28972789317589,37.69784190539498,4.72709497490545,64.38379866882714,200,0
2025-04-25 02:00:00,7.174119435048191,36.71891598671085,4.719048087563121,63.90003165733929,200,0
2025-04-25 02:10:00,7.211189397581945,36.89538906312774,4.799666133059334,62.4860094441088,200,0
2025-04-25 02:20:00,7.1991788551963625,36.158280903889526,5.087657818497912,58.934598880220136,200,0
2025-04-25 02:30:00,7.259419663672404,36.59706496675191,4.943801294478088,61.607438697224126,200,0
2025-04-25 02:40:00,7.326346621293681,37.48242581654873,4.328530630002509,62.60340001780347,200,0
2025-04-25 02:50:00,7.1734565613539845,37.80779141177412,4.36378995420948,62.351072459157194,200,0
2025-04-25 03:00:00,7.175528027874089,36.38282556406004,4.817940446642847,58.31241283303851,200,0
2025-04-25 03:10:00,7.252208043853454,36.703767870423555,5.137305975816066,60.219364303960255,200,0
2025-04-25 03:20:00,7.234094574481316,36.98679712152054,4.17574854718243,61.871844471702566,200,0
2025-04-25 03:30:00,7.292335366286802,37.140080579409805,4.8500809471545105,63.07258181903438,200,0
2025-04-25 03:40:00,7.229196409266298,36.595198240039174,4.842125643044774,57.60774435780011,200,0
2025-04-25 03:50:00,7.182035395460647,37.21203052223205,5.416501333462534,61.675752049040284,200,0
2025-04-25 04:00:00,7.229532741534616,36.76308032646454,4.884493456486141,62.286097539757904,200,0
2025-04-25 04:10:00,7.255435179029146,36.99277386456086,5.114896695422279,63.699223977032425,200,0
2025-04-25 04:20:00,7.241024109059868,37.27314212400185,5.042377142026239,63.385715168474874,200,0
2025-04-25 04:30:00,7.225363701555365,37.00321113490547,4.36083005605784,63.16514263761761,200,0
2025-04-25 04:40:00,7.253333734479458,36.78180705473672,5.230462164989521,60.400118986596134,200,0
2025-04-25 04:50:00,7.258464779522284,36.94519509803708,5.064618951636886,58.183995725753384,200,0
2025-04-25 05:00:00,7.269107949551876,36.95581852039733,5.152480591902377,61.2138944858772,200,0
2025-04-25 05:10:00,7.232435494379482,36.81499448505894,6.177871311930898,64.00326365041713,200,0
2025-04-25 05:20:00,7.191644095984158,36.87060196866645,4.374766118150424,64.78690905504887,200,0
2025-04-25 05:30:00,7.2073356843216665,37.79932358525236,5.517408994928332,63.42109820459557,200,0
2025-04-25 05:40:00,7.260325448325418,37.28045972397062,4.913765744179893,62.85868164560347,200,0
2025-04-25 05:50:00,7.159153216450639,36.85225984098542,5.086198671320902,62.75927929677193,200,0
2025-04-25 06:00:00,7.218433665443645,37.34847720225537,4.9863463264096275,60.88776250647844,200,0
2025-04-25 06:10:00,7.180333059383632,36.833090255121995,4.872729099980587,61.73987941289276,200,0
2025-04-25 06:20:00,7.201437241146741,37.58656231879332,4.829050121528373,65.33813905165266,200,0
2025-04-25 06:30:00,7.263922593130365,37.18482109609905,5.098852620671903,60.114883988416246,200,0
2025-04-25 06:40:00,7.209554953400995,36.94634892799789,4.544847890998496,65.2295575814197,200,0
2025-04-25 06:50:00,7.202321827407808,37.22385846290514,5.22517375025653,61.35594369101588,200,0
2025-04-25 07:00:00,7.132007192951004,36.21456192396575,4.8751416785344235,64.65086421819015,200,0
2025-04-25 07:10:00,7.237312678301361,36.4366162655451,4.660979198287893,59.18636998100492,200,0
2025-04-25 07:20:00,7.232274209057054,36.40303749680047,4.864996142601256,63.1718084023293,200,0
2025-04-25 07:30:00,7.308162736165273,37.071471547381854,5.377144765058772,60.526459728104754,200,0
2025-04-25 07:40:00,7.18461108825235,37.866257499742545,4.839399473895133,59.169465616151626,200,0
2025-04-25 07:50:00,7.210957516383197,38.11565007309632,5.107536085462886,62.43706808482189,200,0
2025-04-25 08:00:00,7.2124691841855375,37.319025550720376,4.780713117285358,64.01894357719193,200,0
2025-04-25 08:10:00,7.278872663988174,37.25042223747223,5.227376554977086,60.310117122813004,200,0
2025-04-25 08:20:00,7.195235223380653,36.09947113292363,5.205652321637062,59.0019680790832,200,0
2025-04-25 08:30:00,7.2139510762885175,36.72866310013299,5.554582649988923,61.81631047133009,200,0
2025-04-25 08:40:00,7.230394825485827,36.60610812404588,4.947330816350235,61.825129342445635,200,0
2025-04-25 08:50:00,7.209330456157818,36.68957620087444,5.200596441427372,63.096639255109,200,0
2025-04-25 09:00:00,7.177678319272474,36.9159280907076,5.0294202618616834,63.89918914272898,200,0
2025-04-25 09:10:00,7.209704499644916,36.763954711151435,5.388761534558904,61.88116963745501,200,0
2025-04-25 09:20:00,7.253681587492989,36.010350094812104,4.784350283717381,65.71100662958852,200,0
2025-04-25 09:30:00,7.148674235029447,37.37395512805877,5.223501593863184,62.44846948907058,200,0
2025-04-25 09:40:00,7.206648483707344,36.463628487130094,4.941590811164995,61.3071469879862,200,0
2025-04-25 09:50:00,7.164993959253041,37.119623432055576,4.98074354686745,58.77686528179434,200,0
2025-04-25 10:00:00,7.259752331446243,38.037041334874985,5.027525745334512,61.47468095936767,200,0
2025-04-25 10:10:00,7.123840654760811,36.54030770420679,5.075672118928003,61.32722610917773,200,0
2025-04-25 10:20:00,7.172053907636421,35.73485623862683,4.965131287063413,63.92060959256294,200,0
2025-04-25 10:30:00,7.218860593753226,36.85699788905995,5.064413954951158,62.92496724813371,200,0
2025-04-25 10:40:00,7.2782762014617175,37.55047981749929,5.4734354172686555,59.641261756734764,200,0
2025-04-25 10:50:00,7.196712486946351,37.9791737271103,5.295634905684565,62.344508772822074,200,0
2025-04-25 11:00:00,7.17224002366534,36.38522520277379,5.260746377749069,63.34306234345811,200,0
2025-04-25 11:10:00,7.2940578534720295,37.24834961161826,4.8633381421928386,65.05606271877566,200,0
2025-04-25 11:20:00,7.127599304979188,36.76734477160997,4.733227751531503,63.77500793482812,200,0
2025-04-25 11:30:00,7.090059702168996,36.947025822847934,5.286590167471326,63.52169330862296,200,0
2025-04-25 11:40:00,7.222000722502667,38.32217167350852,5.262814037758938,62.12017198923033,200,0
2025-04-25 11:50:00,7.174897288782369,36.248514835802425,5.441801202725294,62.7766240108469,200,0
2025-04-25 12:00:00,7.1489383591434645,37.12686983074729,4.818805812209231,64.49900980141231,200,0
2025-04-25 12:10:00,7.235417822364968,37.233846585882716,4.931135403391896,59.3344452050407,200,0
2025-04-25 12:20:00,7.21219003568856,37.542893162469674,4.50815475124237,61.30112134556609,200,0
2025-04-25 12:30:00,7.171796068463164,37.048991576735446,4.882258668181738,60.454862502487515,200,0
2025-04-25 12:40:00,7.1359847800664555,37.154025269752054,5.298971153173834,62.758306237452246,200,0
2025-04-25 12:50:00,7.243622866414007,36.8041757162891,4.86005138623154,64.46044435130158,200,0
2025-04-25 13:00:00,7.232510058897933,37.13456347062255,5.192143938560247,60.80605142655785,200,0
2025-04-25 13:10:00,7.195041206811031,36.82840386225129,4.9428490682006565,57.21939126506113,200,0
2025-04-25 13:20:00,7.292331849802384,37.31078594492803,5.097217108466468,61.17555850995106,200,0
2025-04-25 13:30:00,7.146495761683693,36.81519483197818,4.6556925830553,63.82694746403482,200,0
2025-04-25 13:40:00,7.123723741453763,37.18855019695109,5.02556283489017,63.07525980589976,200,0
2025-04-25 13:50:00,7.165404596505938,30.093462708208268,4.102659208729783,62.85637249562115,200,1
2025-04-25 14:00:00,7.197720699182225,37.56302512538608,4.9439311525514045,61.44001339625104,200,0
2025-04-25 14:10:00,7.212166972466135,36.974303138205755,4.510858026885458,59.441938527560424,200,0
2025-04-25 14:20:00,7.187938197107184,36.11348376589656,5.361798354964045,63.03058864324893,200,0
2025-04-25 14:30:00,7.217602769825715,37.630960750357,5.233222205829353,60.33143637993075,200,0
2025-04-25 14:40:00,7.137423028790478,36.54713384956869,5.140001294589824,66.36819346676091,200,0
2025-04-25 14:50:00,7.272188230203663,36.67311683067559,5.456301868147814,63.141014416709034,200,0
2025-04-25 15:00:00,7.195892441080372,36.70216935297825,4.715325043752549,60.8387033948921,200,0
2025-04-25 15:10:00,7.255864791579406,37.68721904658541,5.5242089593746675,60.77722950522274,200,0
2025-04-25 15:20:00,7.217136267318885,35.932162893010656,5.279657469278115,61.814111586772825,200,0
2025-04-25 15:30:00,7.22283766095769,38.568874266829994,4.929033413834317,61.5209961559565,200,0
2025-04-25 15:40:00,7.228488364011611,37.528028404533025,5.340686044154883,64.23366755105991,200,0
2025-04-25 15:50:00,7.222385428000866,37.11161945706458,4.66811194627651,62.37283233948809,200,0
2025-04-25 16:00:00,7.232136137993377,36.97255299969186,4.7526457515416975,60.53673652218294,200,0
2025-04-25 16:10:00,7.266457626506622,37.14277703742883,4.81742308302809,65.78088137031156,200,0
2025-04-25 16:20:00,7.209826058485073,37.26056121418967,4.841306687580795,62.098616663040445,200,0
2025-04-25 16:30:00,7.235450187879426,37.32260779297503,4.683032707171924,63.5376793519378,200,0
2025-04-25 16:40:00,7.195513215285639,37.27780223300172,5.366924920128597,60.78354698511048,200,0
2025-04-25 16:50:00,7.272005860772474,37.04479034062762,4.9223436798890505,62.72623125548905,200,0
2025-04-25 17:00:00,7.166180384897037,36.901330789846334,5.105751490507064,62.62221998228639,200,0
2025-04-25 17:10:00,7.290047021645541,36.924363358173245,4.828894590075896,58.220701415807696,200,0
2025-04-25 17:20:00,7.197992102467783,36.90254585982366,4.453819009835445,66.03055022092128,200,0
2025-04-25 17:30:00,7.128461244894098,37.566885048433534,5.0810172075174265,64.5812889218451,200,0
2025-04-25 17:40:00,7.206405220745539,37.29677836114043,4.426323507374067,61.20560936770802,200,0
2025-04-25 17:50:00,7.165947417126256,35.52980568266786,4.97940978617436,59.79546051908829,200,0
2025-04-25 18:00:00,7.2420321774494365,37.32795038826488,4.589505488350157,62.695123227607105,200,0
2025-04-25 18:10:00,7.167368801034881,37.097368097359386,5.596182799769243,62.173395398828795,200,0
2025-04-25 18:20:00,7.177690828339261,36.99064562177705,5.273408816652417,62.711337897126455,200,0
2025-04-25 18:30:00,7.1055229634527235,36.805740773455554,5.031726137381444,62.383154792388176,200,0
2025-04-25 18:40:00,7.177384684037547,37.56205635999301,5.379112003296401,63.01248197861185,200,0
2025-04-25 18:50:00,7.0788060336685525,37.473763231061426,4.746105206760279,64.89461139878361,200,0
2025-04-25 19:00:00,7.120804858825714,36.613561166088196,5.1630438136010275,63.136206410257294,200,0
2025-04-25 19:10:00,7.2380207328072155,37.203526143562264,5.059943130115614,59.900689002180115,200,0
2025-04-25 19:20:00,7.239290007932542,36.51417163272936,5.079206024400101,64.7251257054249,200,0
2025-04-25 19:30:00,7.221272878089248,36.31019091760553,5.38170605003203,65.28122912697657,200,0
2025-04-25 19:40:00,7.15165119284354,36.686641387705016,5.2197476308339406,68.30411346902417,200,0
2025-04-25 19:50:00,7.197614432192901,37.43119673619138,5.086617098847507,59.7530119335208,200,0
2025-04-25 20:00:00,7.199819873045472,37.47656252268804,4.503533769131511,62.48576402630055,200,0
2025-04-25 20:10:00,7.142081765540373,37.25654271004865,4.711986111416161,57.83580259362203,200,0
2025-04-25 20:20:00,7.275169915088358,37.362547893424,4.963187319921283,63.10629831275842,200,0
2025-04-25 20:30:00,7.243868114528784,37.25808914355748,5.0280117122829955,60.903599403666455,200,0
2025-04-25 20:40:00,7.188951791308517,36.67925920238852,4.660938882597823,65.8468915896499,200,0
2025-04-25 20:50:00,7.201344291949726,37.21596127233697,5.723503002673526,60.450770059962835,200,0
2025-04-25 21:00:00,7.210419140397378,37.40020476261384,5.454918216576072,58.62163392406548,200,0
2025-04-25 21:10:00,7.097913256578786,37.377145664906784,5.180635496117745,61.05747251859496,200,0
2025-04-25 21:20:00,7.1876411308739705,37.59445668573732,5.0216110583851234,58.04902445756572,200,0
2025-04-25 21:30:00,7.16590078760011,37.35415192360053,4.936337309029654,63.50219890901462,200,0
2025-04-25 21:40:00,7.149918999505254,37.17572410377079,4.714424461993329,57.86983390748736,200,0
2025-04-25 21:50:00,7.185944985355702,37.535075119158215,5.023244155555659,62.056915162366316,200,0
2025-04-25 22:00:00,7.289884326342476,36.98673937037547,5.077325762042825,57.844376360287605,200,0
2025-04-25 22:10:00,7.23204214306335,36.55906267438614,4.627471827355513,61.35940439092671,200,0
2025-04-25 22:20:00,7.17144105051086,36.91846651802812,5.10025292517347,65.28675631160907,200,0
2025-04-25 22:30:00,7.228629139067808,36.62754867759678,4.953422285352575,62.72129578287159,200,0
